Top 30 Rank,Overall Rank,Date,Player,Team,Opponent,Game,Side,Position,Analytical Projected FS,Projected FS,Sim Mean,Sim Median,Historical FS Std,Target FS Std,Raw Sim Std,Volatility-Calibrated Sim Std,Volatility Multiplier,Last 5 Avg FS,Last 10 Avg FS,Last 15 Avg FS,Last 5 Fantasy Scores,Last 10 Fantasy Scores,Last 15 Fantasy Scores,P Over 2.5 FS %,P Over 3.0 FS %,P Over 3.5 FS %,P Over 4.0 FS %,P Over 4.5 FS %,P Over 5.0 FS %,P Over 5.5 FS %,P Over 6.0 FS %,P Over 6.5 FS %,P Over 7.0 FS %,P Over 7.5 FS %,P Over 8.0 FS %,P Over 8.5 FS %,P Over 9.0 FS %,P Over 9.5 FS %,P Over 10.0 FS %,P Over 10.5 FS %,P Over 11.0 FS %,P Over 11.5 FS %,P Over 12.0 FS %,P Over 12.5 FS %,P Over 13.0 FS %,P Over 13.5 FS %,P Over 14.0 FS %,P Over 14.5 FS %,P Over 15.0 FS %,P Over 15.5 FS %,AI Score,Grade,Suggested Lean,Recommended Direction,Recommended Line,Recommended Probability %,Projection Edge,Even-Money EV %,Recommendation Strength,Lineup Spot,Lineup Source,Today Lineup Spot,Last 7 Mode Spot,Starts in Last 7,Last 7 Lineup Spots,Lineup Consistency %,Start Probability %,Expected PA,Rest/Usage Note,Recent Start Guess 14,Usage Factor,Opp Pitcher,Opp Pitcher Hand,Pitcher ERA,Pitcher WHIP,Pitcher H/BF,Pitcher HR/BF,Pitcher BB/BF,Bullpen ERA,Bullpen WHIP,Bullpen H/BF,Bullpen HR/BF,Venue,Park Factor,Weather Factor,Temp F,Wind MPH,Wind Direction,Precip %,Weather Note,PA,AB,AVG,OBP,SLG,OPS,Hand Split PA,Hand Split OPS,Season H,Season 2B,Season 3B,Season HR,Season R,Season RBI,Season BB,Season HBP,Season SB,Last 5 Fantasy Score Details,Last 10 Fantasy Score Details,Last 15 Fantasy Score Details,Recent FS Games Available,Historical Volatility Games,Historical FS Mean,Historical FS Median,Volatility Source,Last 7 FS/G,Last 14 FS/G,Last 14 AVG,14-Game Batter Status,Last 30 FS/G,Last 14 FS/PA,Last 14 Hit Rate,Last 14 XBH Rate,Last 14 HR Rate,Last 14 BB Rate,Last 14 SB Rate,Season Projected FS,Last 30 Projected FS,Last 14 Projected FS,Last 7 Projected FS,Hand Split Projected FS,Season Weight %,Last 30 Weight %,Last 14 Weight %,Last 7 Weight %,Hand Split Weight %,Statcast Samples,Avg Exit Velo,Hard Hit %,Barrel %,Sweet Spot %,Statcast xwOBA,Statcast Quality Factor,Elite Single Floor Boost,Walk Floor Boost,Run Scoring Boost,Pitch-Type Matchup Factor,Pitch-Type Samples,Pitch-Type Data Source,Release/Movement Matchup Factor,Release/Movement Samples,Release/Movement Source,Contact Quality Samples,Contact EV Mean,Contact EV Std,Contact LA Mean,Contact LA Std,Pull %,Center %,Oppo %,Directional Weather Factor,Park Single Factor,Park Double Factor,Park Triple Factor,Park HR Factor,EWMA Form Factor,EWMA Fantasy Score,EWMA Trend,Umpire,Umpire Source,Umpire Run Factor,Umpire BB Factor,Umpire K Factor,Defense Factor,Outfield Defense Factor,Infield Defense Factor,Defense Source,Bullpen Fatigue Factor,Bullpen Recent Games,Bullpen Recent Innings Proxy,Running Matchup Factor,Sprint Speed,Matchup DNA Factor,Single Rate,Double Rate,Triple Rate,HR Rate,BB Rate,HBP Rate,K Rate Model,Groundout Share,Flyout Share,Lineout Share,Run Rate Model,RBI Rate Model,SB Rate,_run_scoring_boost,Confirmed Starter,Full Game Projected FS,Sim Std,P25,P75,P90,Simulated PA,Zero PA Probability %,Probability Calibration,Confidence,Raw P Over 2.5 FS %,Raw P Over 3.0 FS %,Raw P Over 3.5 FS %,Raw P Over 4.0 FS %,Raw P Over 4.5 FS %,Raw P Over 5.0 FS %,Raw P Over 5.5 FS %,Raw P Over 6.0 FS %,Raw P Over 6.5 FS %,Raw P Over 7.0 FS %,Raw P Over 7.5 FS %,Raw P Over 8.0 FS %,Raw P Over 8.5 FS %,Raw P Over 9.0 FS %,Raw P Over 9.5 FS %,Raw P Over 10.0 FS %,Raw P Over 10.5 FS %,Raw P Over 11.0 FS %,Raw P Over 11.5 FS %,Raw P Over 12.0 FS %,Raw P Over 12.5 FS %,Raw P Over 13.0 FS %,Raw P Over 13.5 FS %,Raw P Over 14.0 FS %,Raw P Over 14.5 FS %,Raw P Over 15.0 FS %,Raw P Over 15.5 FS %,Floor Uplift 2.5 FS,Floor Uplift 3.0 FS,Floor Uplift 3.5 FS,Floor Uplift 4.0 FS,Floor Uplift 4.5 FS,Floor Uplift 5.0 FS,Floor Uplift 5.5 FS,Floor Uplift 6.0 FS,Floor Uplift 6.5 FS,Floor Uplift 7.0 FS,Floor Uplift 7.5 FS,Floor Uplift 8.0 FS,Floor Uplift 8.5 FS,Floor Uplift 9.0 FS,Floor Uplift 9.5 FS,Floor Uplift 10.0 FS,Floor Uplift 10.5 FS,Floor Uplift 11.0 FS,Floor Uplift 11.5 FS,Floor Uplift 12.0 FS,Floor Uplift 12.5 FS,Floor Uplift 13.0 FS,Floor Uplift 13.5 FS,Floor Uplift 14.0 FS,Floor Uplift 14.5 FS,Floor Uplift 15.0 FS,Floor Uplift 15.5 FS
1,1,2026-07-20,James Wood,WSH,COL,WSH @ COL,AWAY,RF,14.71,15.1,15.1,14.22,9.12,8.09,10.13,8.09,0.799,10.2,15.2,16.07,0|0|13|18|20,0|0|13|18|20|24|15|21|35|6,0|0|13|18|20|24|15|21|35|6|18|15|27|15|14,99.5,99.5,97.1,96.9,96.7,94.5,92.0,91.8,89.3,89.0,83.2,80.0,79.0,73.3,70.1,70.1,66.3,66.3,61.3,58.5,58.5,53.9,51.2,51.2,46.0,46.0,43.5,359.41,A+,MORE 12.5 | 58.5% | Edge +2.6,MORE,12.5,58.5,2.6,17.0,Playable,1,Last 7 Confirmed,,1,7,1-1-1-1-1-1-1,100.0,97.0,5.13,Regular,14,1.04,Kyle Freeland,L,7.36,1.57,0.2985,0.0448,0.0448,5.46,1.52,0.255,0.0358,Coors Field,1.15,1.055,98.0,9.4,31.0,1.0,hot,469,383,0.272,0.401,0.556,0.957,159,0.859,104,23,1,28,91,66,80,4,15,2026-07-19 @ Athletics: 0 FS|2026-07-18 @ Athletics: 0 FS|2026-07-17 @ Athletics: 13 FS|2026-07-12 vs New York Yankees: 18 FS|2026-07-11 vs New York Yankees: 20 FS,2026-07-19 @ Athletics: 0 FS|2026-07-18 @ Athletics: 0 FS|2026-07-17 @ Athletics: 13 FS|2026-07-12 vs New York Yankees: 18 FS|2026-07-11 vs New York Yankees: 20 FS|2026-07-10 vs New York Yankees: 24 FS|2026-07-08 vs Houston Astros: 15 FS|2026-07-07 vs Houston Astros: 21 FS|2026-07-06 vs Houston Astros: 35 FS|2026-07-05 vs Pittsburgh Pirates: 6 FS,2026-07-19 @ Athletics: 0 FS|2026-07-18 @ Athletics: 0 FS|2026-07-17 @ Athletics: 13 FS|2026-07-12 vs New York Yankees: 18 FS|2026-07-11 vs New York Yankees: 20 FS|2026-07-10 vs New York Yankees: 24 FS|2026-07-08 vs Houston Astros: 15 FS|2026-07-07 vs Houston Astros: 21 FS|2026-07-06 vs Houston Astros: 35 FS|2026-07-05 vs Pittsburgh Pirates: 6 FS|2026-07-04 vs Pittsburgh Pirates: 18 FS|2026-07-03 vs Pittsburgh Pirates: 15 FS|2026-07-01 @ Boston Red Sox: 27 FS|2026-06-30 @ Boston Red Sox: 15 FS|2026-06-29 @ Boston Red Sox: 14 FS,15,30,11.33,11.5,Last 30 games + shrinkage,12.86,16.21,0.358,Hot,11.33,3.29,0.2754,0.1594,0.1014,0.2319,0.029,15.22,14.93,15.72,14.32,13.15,28.0,16.0,20.0,16.0,20.0,252,85.44,32.14,3.97,33.73,0.572,1.126,1.0,1.0,1.0,1.0716,532,Statcast,0.9039,37,Statcast,252,85.44,12.0,10.59,32.2,15.9,63.9,20.2,1.0013,1.0525,1.1312,1.2057,1.1696,1.0153,12.61,1.27,Unknown/neutral,Neutral fallback,1.0,1.0,1.0,1.0,1.0,1.0,Neutral fallback,1.072,3,27.0,1.3,27.0,0.9481,0.1807,0.1022,0.0082,0.078,0.1057,0.0069,0.256,0.439,0.2846,0.2764,0.1898,0.1333,0.0223,1.0,Projected,,8.09,8.63,19.81,26.21,4.91,0.0,Raw (calibration off),High,100.0,100.0,95.3,95.3,95.3,92.7,89.7,89.7,87.0,87.0,80.8,79.0,79.0,73.3,70.1,70.1,66.3,66.3,61.3,58.5,58.5,53.9,51.2,51.2,46.0,46.0,43.5,0.0,0.0,1.8,1.6,1.4,1.8,2.3,2.1,2.3,2.0,2.4,1.0,0.0,0.0,0.0,0.0,0.0,0.0,0.0,0.0,0.0,0.0,0.0,0.0,0.0,0.0,0.0
2,2,2026-07-20,Luis García Jr.,WSH,COL,WSH @ COL,AWAY,1B,13.45,13.86,13.86,12.17,10.5,9.0,9.91,9.0,0.908,1.0,7.7,11.53,0|0|2|3|0,0|0|2|3|0|33|6|9|24|0,0|0|2|3|0|33|6|9|24|0|32|9|9|5|41,96.0,96.0,94.6,94.3,90.2,88.2,87.8,80.9,80.4,77.6,77.1,69.3,68.3,63.9,60.4,60.4,54.8,54.8,52.5,52.5,48.0,48.0,45.8,40.8,40.8,38.6,38.6,316.63,A+,MORE 10.0 | 60.4% | Edge +3.9,MORE,10.0,60.4,3.86,20.8,Playable,2,Last 7 Confirmed,,2,5,2-2-2-8-2,80.0,93.9,4.94,Regular,13,1.04,Kyle Freeland,L,7.36,1.57,0.2985,0.0448,0.0448,5.46,1.52,0.255,0.0358,Coors Field,1.15,1.055,98.0,9.4,31.0,1.0,hot,324,308,0.279,0.312,0.545,0.857,41,0.619,86,16,3,20,45,68,15,0,4,2026-07-19 @ Athletics: 0 FS|2026-07-18 @ Athletics: 0 FS|2026-07-12 vs New York Yankees: 2 FS|2026-07-11 vs New York Yankees: 3 FS|2026-07-10 vs New York Yankees: 0 FS,2026-07-19 @ Athletics: 0 FS|2026-07-18 @ Athletics: 0 FS|2026-07-12 vs New York Yankees: 2 FS|2026-07-11 vs New York Yankees: 3 FS|2026-07-10 vs New York Yankees: 0 FS|2026-07-08 vs Houston Astros: 33 FS|2026-07-07 vs Houston Astros: 6 FS|2026-07-06 vs Houston Astros: 9 FS|2026-07-05 vs Pittsburgh Pirates: 24 FS|2026-07-04 vs Pittsburgh Pirates: 0 FS,2026-07-19 @ Athletics: 0 FS|2026-07-18 @ Athletics: 0 FS|2026-07-12 vs New York Yankees: 2 FS|2026-07-11 vs New York Yankees: 3 FS|2026-07-10 vs New York Yankees: 0 FS|2026-07-08 vs Houston Astros: 33 FS|2026-07-07 vs Houston Astros: 6 FS|2026-07-06 vs Houston Astros: 9 FS|2026-07-05 vs Pittsburgh Pirates: 24 FS|2026-07-04 vs Pittsburgh Pirates: 0 FS|2026-07-03 vs Pittsburgh Pirates: 32 FS|2026-07-01 @ Boston Red Sox: 9 FS|2026-06-30 @ Boston Red Sox: 9 FS|2026-06-29 @ Boston Red Sox: 5 FS|2026-06-28 @ Baltimore Orioles: 41 FS,15,30,10.33,7.5,Last 30 games + shrinkage,6.29,9.43,0.28,Neutral,10.33,2.444,0.2593,0.1111,0.0741,0.0741,0.037,14.03,14.25,13.7,12.61,12.41,28.0,16.0,20.0,16.0,20.0,246,84.49,28.05,3.25,28.86,0.448,1.0041,1.0,1.0,1.0,1.093,342,Statcast,1.0,6,Fallback,246,84.49,12.0,14.48,34.75,9.3,62.2,28.5,1.0016,1.0515,1.1277,1.2035,1.163,0.9802,8.68,-1.65,Unknown/neutral,Neutral fallback,1.0,1.0,1.0,1.0,1.0,1.0,Neutral fallback,1.072,3,27.0,1.0468,27.0,0.9817,0.2041,0.0847,0.0075,0.0768,0.0591,0.0064,0.1699,0.4841,0.2143,0.3016,0.1573,0.1748,0.0154,1.0,Projected,,9.0,6.72,19.43,26.7,4.82,0.0,Raw (calibration off),High,93.3,93.3,91.3,91.3,86.0,84.2,84.2,76.9,76.9,74.6,74.6,68.3,68.3,63.9,60.4,60.4,54.8,54.8,52.5,52.5,48.0,48.0,45.8,40.8,40.8,38.6,38.6,2.7,2.7,3.3,3.0,4.2,3.9,3.6,4.0,3.5,3.0,2.5,1.0,0.0,0.0,0.0,0.0,0.0,0.0,0.0,0.0,0.0,0.0,0.0,0.0,0.0,0.0,0.0
3,3,2026-07-20,CJ Abrams,WSH,COL,WSH @ COL,AWAY,SS,12.92,12.99,12.99,11.56,7.49,6.97,9.78,7.04,0.72,8.2,10.9,9.47,23|0|12|3|3,23|0|12|3|3|5|18|9|31|5,23|0|12|3|3|5|18|9|31|5|0|10|14|9|0,99.5,99.5,99.5,94.2,93.7,93.2,90.7,85.6,85.2,82.9,75.2,71.6,70.6,64.3,60.5,60.5,56.5,51.7,51.7,49.1,45.1,43.1,43.1,38.4,36.4,36.4,32.6,304.24,A+,MORE 10.0 | 60.5% | Edge +3.0,MORE,10.0,60.5,2.99,21.0,Playable,4,Last 7 Confirmed,,4,7,4-4-4-4-4-4-4,100.0,97.0,4.82,Regular,14,1.04,Kyle Freeland,L,7.36,1.57,0.2985,0.0448,0.0448,5.46,1.52,0.255,0.0358,Coors Field,1.15,1.055,98.0,9.4,31.0,1.0,hot,409,358,0.277,0.352,0.517,0.869,119,0.746,99,19,2,21,58,70,35,10,15,2026-07-19 @ Athletics: 23 FS|2026-07-18 @ Athletics: 0 FS|2026-07-17 @ Athletics: 12 FS|2026-07-12 vs New York Yankees: 3 FS|2026-07-11 vs New York Yankees: 3 FS,2026-07-19 @ Athletics: 23 FS|2026-07-18 @ Athletics: 0 FS|2026-07-17 @ Athletics: 12 FS|2026-07-12 vs New York Yankees: 3 FS|2026-07-11 vs New York Yankees: 3 FS|2026-07-10 vs New York Yankees: 5 FS|2026-07-08 vs Houston Astros: 18 FS|2026-07-07 vs Houston Astros: 9 FS|2026-07-06 vs Houston Astros: 31 FS|2026-07-05 vs Pittsburgh Pirates: 5 FS,2026-07-19 @ Athletics: 23 FS|2026-07-18 @ Athletics: 0 FS|2026-07-17 @ Athletics: 12 FS|2026-07-12 vs New York Yankees: 3 FS|2026-07-11 vs New York Yankees: 3 FS|2026-07-10 vs New York Yankees: 5 FS|2026-07-08 vs Houston Astros: 18 FS|2026-07-07 vs Houston Astros: 9 FS|2026-07-06 vs Houston Astros: 31 FS|2026-07-05 vs Pittsburgh Pirates: 5 FS|2026-07-04 vs Pittsburgh Pirates: 0 FS|2026-07-03 vs Pittsburgh Pirates: 10 FS|2026-06-30 @ Boston Red Sox: 14 FS|2026-06-29 @ Boston Red Sox: 9 FS|2026-06-28 @ Baltimore Orioles: 0 FS,15,30,8.57,6.5,Last 30 games + shrinkage,9.14,10.14,0.286,Neutral,8.57,2.254,0.254,0.127,0.0635,0.0635,0.0317,13.76,12.94,13.22,12.7,11.59,28.0,16.0,20.0,16.0,20.0,266,83.92,26.32,2.26,30.08,0.39,0.9401,1.0,1.0,1.0,1.05,428,Statcast,0.9088,17,Statcast,266,83.92,12.0,23.72,34.22,12.4,60.9,26.7,1.0018,1.054,1.1379,1.2093,1.1817,1.0105,9.45,0.88,Unknown/neutral,Neutral fallback,1.0,1.0,1.0,1.0,1.0,1.0,Neutral fallback,1.072,3,27.0,1.3,27.0,0.9488,0.18,0.0894,0.0072,0.0732,0.0626,0.0094,0.2057,0.3277,0.3614,0.3109,0.1381,0.1912,0.024,1.0,Projected,,7.04,7.24,17.32,22.36,4.66,0.0,Raw (calibration off),High,100.0,100.0,100.0,91.0,91.0,91.0,88.0,82.0,82.0,79.9,72.7,70.6,70.6,64.3,60.5,60.5,56.5,51.7,51.7,49.1,45.1,43.1,43.1,38.4,36.4,36.4,32.6,0.0,0.0,0.0,3.1,2.7,2.2,2.7,3.6,3.1,3.0,2.5,1.0,0.0,0.0,0.0,0.0,0.0,0.0,0.0,0.0,0.0,0.0,0.0,0.0,0.0,0.0,0.0
4,4,2026-07-20,Andrés Chaparro,WSH,COL,WSH @ COL,AWAY,1B,10.39,12.92,12.92,11.54,3.41,4.56,9.6,6.91,0.72,11.4,8.0,6.33,2|52|0|3|0,2|52|0|3|0|0|0|16|0|7,2|52|0|3|0|0|0|16|0|7|0|4|2|5|4,99.5,99.5,99.5,95.2,94.8,94.4,91.3,86.6,84.1,83.6,75.6,71.4,70.4,64.2,60.2,60.2,55.9,51.1,51.1,48.4,44.4,42.2,42.2,37.9,36.2,36.2,32.3,278.32,A+,MORE 10.0 | 60.2% | Edge +2.9,MORE,10.0,60.2,2.92,20.4,Playable,3,Last 7 Confirmed,,3,3,3-3-6,66.7,85.8,3.99,Usage risk,7,0.88,Kyle Freeland,L,7.36,1.57,0.2985,0.0448,0.0448,5.46,1.52,0.255,0.0358,Coors Field,1.15,1.055,98.0,9.4,31.0,1.0,hot,75,62,0.21,0.347,0.403,0.75,67,0.695,13,3,0,3,13,15,12,1,0,2026-07-19 @ Athletics: 2 FS|2026-07-17 @ Athletics: 52 FS|2026-07-12 vs New York Yankees: 0 FS|2026-07-10 vs New York Yankees: 3 FS|2026-07-07 vs Houston Astros: 0 FS,2026-07-19 @ Athletics: 2 FS|2026-07-17 @ Athletics: 52 FS|2026-07-12 vs New York Yankees: 0 FS|2026-07-10 vs New York Yankees: 3 FS|2026-07-07 vs Houston Astros: 0 FS|2026-07-05 vs Pittsburgh Pirates: 0 FS|2026-07-04 vs Pittsburgh Pirates: 0 FS|2026-07-01 @ Boston Red Sox: 16 FS|2026-06-30 @ Boston Red Sox: 0 FS|2026-06-29 @ Boston Red Sox: 7 FS,2026-07-19 @ Athletics: 2 FS|2026-07-17 @ Athletics: 52 FS|2026-07-12 vs New York Yankees: 0 FS|2026-07-10 vs New York Yankees: 3 FS|2026-07-07 vs Houston Astros: 0 FS|2026-07-05 vs Pittsburgh Pirates: 0 FS|2026-07-04 vs Pittsburgh Pirates: 0 FS|2026-07-01 @ Boston Red Sox: 16 FS|2026-06-30 @ Boston Red Sox: 0 FS|2026-06-29 @ Boston Red Sox: 7 FS|2026-06-26 @ Baltimore Orioles: 0 FS|2026-06-25 vs Philadelphia Phillies: 4 FS|2026-06-23 vs Philadelphia Phillies: 2 FS|2026-06-20 @ Tampa Bay Rays: 5 FS|2026-06-16 vs Kansas City Royals: 4 FS,15,30,4.53,2.0,Last 30 games + shrinkage,8.14,6.5,0.242,Neutral,4.53,2.459,0.2162,0.0811,0.0811,0.0811,0.0,10.3,10.51,10.77,11.04,9.5,28.0,16.0,20.0,16.0,20.0,73,83.01,30.14,1.37,31.51,0.417,0.9543,1.0,1.0,1.0,1.0454,169,Statcast,0.9519,20,Statcast,73,83.01,12.0,19.44,35.0,26.0,68.5,5.5,1.0018,1.0496,1.1203,1.199,1.1488,1.0364,7.57,3.03,Unknown/neutral,Neutral fallback,1.0,1.0,1.0,1.0,1.0,1.0,Neutral fallback,1.072,3,27.0,0.8625,27.0,0.9925,0.1849,0.0756,0.0066,0.0721,0.0812,0.0095,0.2293,0.5312,0.2812,0.1875,0.1613,0.1855,0.0091,1.0,Projected,,6.91,7.22,17.3,22.34,4.74,0.0,Raw (calibration off),High,100.0,100.0,100.0,92.6,92.6,92.6,88.8,83.3,80.7,80.7,73.1,70.4,70.4,64.2,60.2,60.2,55.9,51.1,51.1,48.4,44.4,42.2,42.2,37.9,36.2,36.2,32.3,0.0,0.0,0.0,2.6,2.2,1.9,2.5,3.3,3.4,2.9,2.5,1.0,0.0,0.0,0.0,0.0,0.0,0.0,0.0,0.0,0.0,0.0,0.0,0.0,0.0,0.0,0.0
5,5,2026-07-20,Dylan Crews,WSH,COL,WSH @ COL,AWAY,RF,11.56,11.93,11.93,10.54,6.76,6.49,9.1,6.55,0.72,8.4,6.9,6.8,20|2|18|0|2,20|2|18|0|2|0|7|0|2|18,20|2|18|0|2|0|7|0|2|18|3|4|15|11|0,99.5,99.5,94.6,94.4,94.0,90.9,90.6,85.4,83.0,73.8,73.3,69.3,61.3,61.3,56.3,52.1,52.1,46.7,44.1,39.8,39.8,37.3,32.8,32.8,30.8,27.7,27.7,274.01,A+,MORE 9.0 | 61.3% | Edge +2.9,MORE,9.0,61.3,2.93,22.6,Playable,5,Last 7 Confirmed,,5,7,5-9-5-5-6-3-6,42.9,97.0,4.52,Regular,13,1.04,Kyle Freeland,L,7.36,1.57,0.2985,0.0448,0.0448,5.46,1.52,0.255,0.0358,Coors Field,1.15,1.055,98.0,9.4,31.0,1.0,hot,204,186,0.21,0.279,0.355,0.634,65,0.934,39,6,0,7,29,20,12,6,6,2026-07-19 @ Athletics: 20 FS|2026-07-18 @ Athletics: 2 FS|2026-07-17 @ Athletics: 18 FS|2026-07-12 vs New York Yankees: 0 FS|2026-07-11 vs New York Yankees: 2 FS,2026-07-19 @ Athletics: 20 FS|2026-07-18 @ Athletics: 2 FS|2026-07-17 @ Athletics: 18 FS|2026-07-12 vs New York Yankees: 0 FS|2026-07-11 vs New York Yankees: 2 FS|2026-07-10 vs New York Yankees: 0 FS|2026-07-08 vs Houston Astros: 7 FS|2026-07-07 vs Houston Astros: 0 FS|2026-07-06 vs Houston Astros: 2 FS|2026-07-05 vs Pittsburgh Pirates: 18 FS,2026-07-19 @ Athletics: 20 FS|2026-07-18 @ Athletics: 2 FS|2026-07-17 @ Athletics: 18 FS|2026-07-12 vs New York Yankees: 0 FS|2026-07-11 vs New York Yankees: 2 FS|2026-07-10 vs New York Yankees: 0 FS|2026-07-08 vs Houston Astros: 7 FS|2026-07-07 vs Houston Astros: 0 FS|2026-07-06 vs Houston Astros: 2 FS|2026-07-05 vs Pittsburgh Pirates: 18 FS|2026-07-04 vs Pittsburgh Pirates: 3 FS|2026-07-03 vs Pittsburgh Pirates: 4 FS|2026-07-01 @ Boston Red Sox: 15 FS|2026-06-30 @ Boston Red Sox: 11 FS|2026-06-29 @ Boston Red Sox: 0 FS,15,30,7.5,5.0,Last 30 games + shrinkage,7.0,7.29,0.184,Cold,7.5,1.729,0.1525,0.0508,0.0339,0.1356,0.0508,11.52,11.87,11.39,11.21,11.81,28.0,16.0,20.0,16.0,20.0,236,83.71,27.97,1.69,28.39,0.38,0.9311,1.0,1.0,1.0,1.0017,379,Statcast,1.14,27,Statcast,236,83.71,12.0,18.12,33.65,17.8,69.5,12.7,1.0018,1.0509,1.1257,1.2022,1.159,1.0002,7.52,0.02,Unknown/neutral,Neutral fallback,1.0,1.0,1.0,1.0,1.0,1.0,Neutral fallback,1.072,3,27.0,1.3,27.0,1.0,0.2039,0.0783,0.0057,0.0682,0.0697,0.0129,0.209,0.456,0.304,0.24,0.1448,0.129,0.0235,1.0,Projected,,6.55,6.94,16.3,21.34,4.5,0.0,Raw (calibration off),High,100.0,100.0,91.4,91.4,91.4,87.9,87.9,81.8,79.5,70.8,70.8,68.3,61.3,61.3,56.3,52.1,52.1,46.7,44.1,39.8,39.8,37.3,32.8,32.8,30.8,27.7,27.7,0.0,0.0,3.2,3.0,2.6,3.0,2.7,3.6,3.5,3.0,2.5,1.0,0.0,0.0,0.0,0.0,0.0,0.0,0.0,0.0,0.0,0.0,0.0,0.0,0.0,0.0,0.0
6,6,2026-07-20,Yordan Alvarez,HOU,MIA,MIA @ HOU,HOME,DH,11.95,10.4,10.4,8.04,9.75,8.54,8.68,8.54,0.984,13.4,8.7,11.93,7|9|14|10|27,7|9|14|10|27|17|0|0|3|0,7|9|14|10|27|17|0|0|3|0|39|14|11|26|2,90.0,90.0,83.1,82.6,78.3,77.3,67.3,66.8,62.6,62.1,54.6,53.1,47.5,47.5,43.4,43.4,38.7,36.3,36.3,33.5,33.5,31.9,31.9,27.8,27.8,26.6,26.6,265.5,A+,MORE 7.0 | 62.1% | Edge +3.4,MORE,7.0,62.1,3.4,24.2,Good,2,Last 7 Confirmed,,2,7,2-2-2-2-2-2-2,100.0,97.0,5.02,Regular,14,1.04,Janson Junk,R,4.57,1.31,0.2464,0.0326,0.0616,4.01,1.25,0.2023,0.026,Daikin Park,1.0,1.0,,,,,Weather unavailable,434,360,0.319,0.429,0.633,1.062,320,1.131,115,20,0,31,65,73,66,5,1,2026-07-19 vs Baltimore Orioles: 7 FS|2026-07-18 vs Baltimore Orioles: 9 FS|2026-07-17 vs Baltimore Orioles: 14 FS|2026-07-12 @ Texas Rangers: 10 FS|2026-07-11 @ Texas Rangers: 27 FS,2026-07-19 vs Baltimore Orioles: 7 FS|2026-07-18 vs Baltimore Orioles: 9 FS|2026-07-17 vs Baltimore Orioles: 14 FS|2026-07-12 @ Texas Rangers: 10 FS|2026-07-11 @ Texas Rangers: 27 FS|2026-07-10 @ Texas Rangers: 17 FS|2026-07-08 @ Washington Nationals: 0 FS|2026-07-07 @ Washington Nationals: 0 FS|2026-07-06 @ Washington Nationals: 3 FS|2026-07-05 vs Tampa Bay Rays: 0 FS,2026-07-19 vs Baltimore Orioles: 7 FS|2026-07-18 vs Baltimore Orioles: 9 FS|2026-07-17 vs Baltimore Orioles: 14 FS|2026-07-12 @ Texas Rangers: 10 FS|2026-07-11 @ Texas Rangers: 27 FS|2026-07-10 @ Texas Rangers: 17 FS|2026-07-08 @ Washington Nationals: 0 FS|2026-07-07 @ Washington Nationals: 0 FS|2026-07-06 @ Washington Nationals: 3 FS|2026-07-05 vs Tampa Bay Rays: 0 FS|2026-07-04 vs Tampa Bay Rays: 39 FS|2026-07-03 vs Tampa Bay Rays: 14 FS|2026-07-01 vs Minnesota Twins: 11 FS|2026-06-30 vs Minnesota Twins: 26 FS|2026-06-29 vs Minnesota Twins: 2 FS,15,30,10.53,9.0,Last 30 games + shrinkage,12.0,12.64,0.382,Hot,10.53,2.766,0.3281,0.1562,0.0938,0.125,0.0,12.26,12.23,12.31,11.31,11.44,28.0,16.0,20.0,16.0,20.0,285,85.4,29.12,2.11,31.58,0.542,1.0795,1.0,1.0,1.0,1.084,660,Statcast,1.14,112,Statcast,285,85.4,12.0,26.69,28.75,17.9,63.5,18.6,1.0,1.0068,1.0251,1.0137,1.0456,1.0031,10.79,0.25,Unknown/neutral,Neutral fallback,1.0,1.0,1.0,1.0,1.0,1.0,Neutral fallback,1.072,3,27.0,0.8625,27.0,1.0,0.1696,0.0691,0.0028,0.0684,0.1111,0.0077,0.1792,0.3008,0.436,0.2631,0.1275,0.1558,0.0068,1.0,Projected,,8.54,4.1,15.91,21.81,4.37,0.0,Raw (calibration off),Medium,83.4,83.4,75.6,75.6,72.3,72.3,62.8,62.8,59.1,59.1,52.1,52.1,47.5,47.5,43.4,43.4,38.7,36.3,36.3,33.5,33.5,31.9,31.9,27.8,27.8,26.6,26.6,6.6,6.6,7.5,7.0,6.0,5.0,4.5,4.0,3.5,3.0,2.5,1.0,0.0,0.0,0.0,0.0,0.0,0.0,0.0,0.0,0.0,0.0,0.0,0.0,0.0,0.0,0.0
7,7,2026-07-20,Hunter Goodman,COL,WSH,WSH @ COL,HOME,C,11.36,10.55,10.55,7.95,10.5,9.0,8.89,8.98,1.013,12.8,9.7,9.6,46|0|6|5|7,46|0|6|5|7|7|0|4|10|12,46|0|6|5|7|7|0|4|10|12|12|16|0|19|0,89.5,83.5,83.0,78.9,77.9,67.9,67.4,63.7,63.2,55.7,55.2,49.7,48.7,44.7,44.7,40.4,40.4,37.5,37.5,37.5,34.2,34.2,32.3,32.3,28.0,28.0,26.7,260.51,A+,MORE 6.5 | 63.2% | Edge +4.1,MORE,6.5,63.2,4.05,26.4,Good,3,Last 7 Confirmed,,3,6,3-3-3-3-4-4,66.7,96.3,4.92,Regular,13,1.04,Andrew Alvarez,L,4.04,1.45,0.2311,0.0094,0.1038,4.82,1.4,0.2307,0.0361,Coors Field,1.15,1.055,98.0,9.4,31.0,1.0,hot,384,346,0.257,0.326,0.561,0.887,123,0.948,89,15,0,30,62,56,32,4,5,2026-07-19 vs Cincinnati Reds: 46 FS|2026-07-17 vs Cincinnati Reds: 0 FS|2026-07-12 @ San Francisco Giants: 6 FS|2026-07-11 @ San Francisco Giants: 5 FS|2026-07-10 @ San Francisco Giants: 7 FS,2026-07-19 vs Cincinnati Reds: 46 FS|2026-07-17 vs Cincinnati Reds: 0 FS|2026-07-12 @ San Francisco Giants: 6 FS|2026-07-11 @ San Francisco Giants: 5 FS|2026-07-10 @ San Francisco Giants: 7 FS|2026-07-09 @ San Francisco Giants: 7 FS|2026-07-08 @ Los Angeles Dodgers: 0 FS|2026-07-06 @ Los Angeles Dodgers: 4 FS|2026-07-05 vs San Francisco Giants: 10 FS|2026-07-04 vs San Francisco Giants: 12 FS,2026-07-19 vs Cincinnati Reds: 46 FS|2026-07-17 vs Cincinnati Reds: 0 FS|2026-07-12 @ San Francisco Giants: 6 FS|2026-07-11 @ San Francisco Giants: 5 FS|2026-07-10 @ San Francisco Giants: 7 FS|2026-07-09 @ San Francisco Giants: 7 FS|2026-07-08 @ Los Angeles Dodgers: 0 FS|2026-07-06 @ Los Angeles Dodgers: 4 FS|2026-07-05 vs San Francisco Giants: 10 FS|2026-07-04 vs San Francisco Giants: 12 FS|2026-07-03 vs San Francisco Giants: 12 FS|2026-07-01 vs Miami Marlins: 16 FS|2026-06-30 vs Miami Marlins: 0 FS|2026-06-29 vs Miami Marlins: 19 FS|2026-06-28 @ Minnesota Twins: 0 FS,15,30,9.7,5.0,Last 30 games + shrinkage,10.14,10.29,0.347,Hot,9.7,2.571,0.3036,0.1429,0.0893,0.125,0.0,11.45,11.61,11.81,11.31,10.63,28.0,16.0,20.0,16.0,20.0,219,84.59,28.77,1.37,26.48,0.488,1.0219,1.0,1.0,1.0,1.0254,570,Statcast,0.9561,24,Statcast,219,84.59,12.0,20.61,35.0,22.8,66.2,11.0,1.0018,1.0546,1.1399,1.2104,1.1854,1.0208,11.43,1.73,Unknown/neutral,Neutral fallback,1.0,1.0,1.0,1.0,1.0,1.0,Neutral fallback,1.072,3,27.0,1.2007,27.0,0.9857,0.1494,0.0657,0.0042,0.061,0.1041,0.0102,0.2903,0.4174,0.3011,0.2815,0.1446,0.1544,0.0124,1.0,Projected,,8.98,3.9,16.05,23.14,4.65,0.0,Raw (calibration off),Medium,82.5,75.5,75.5,71.9,71.9,62.9,62.9,59.7,59.7,52.7,52.7,48.7,48.7,44.7,44.7,40.4,40.4,37.5,37.5,37.5,34.2,34.2,32.3,32.3,28.0,28.0,26.7,7.0,8.0,7.5,7.0,6.0,5.0,4.5,4.0,3.5,3.0,2.5,1.0,0.0,0.0,0.0,0.0,0.0,0.0,0.0,0.0,0.0,0.0,0.0,0.0,0.0,0.0,0.0
8,8,2026-07-20,Drake Baldwin,ATL,SD,SD @ ATL,HOME,C,11.03,10.03,10.03,8.14,8.82,7.88,8.45,7.88,0.932,19.6,12.5,11.47,44|8|32|9|5,44|8|32|9|5|0|12|5|2|8,44|8|32|9|5|0|12|5|2|8|27|4|0|7|9,93.3,89.7,82.2,81.7,76.9,75.9,66.0,65.5,61.1,60.6,53.3,51.8,45.9,45.9,41.8,41.8,37.0,34.8,34.8,32.2,32.2,30.5,30.5,25.8,25.8,24.8,24.8,254.89,A+,MORE 7.0 | 60.6% | Edge +3.0,MORE,7.0,60.6,3.03,21.2,Playable,1,Last 7 Confirmed,,1,7,1-1-1-1-4-4-4,57.1,97.0,5.04,Regular,14,1.04,JP Sears,L,5.03,1.42,0.2326,0.0465,0.093,4.24,1.34,0.22,0.0295,Truist Park,1.01,1.055,93.9,7.4,205.0,5.0,hot,334,293,0.276,0.362,0.481,0.843,132,0.81,81,6,0,18,54,54,33,7,2,2026-07-19 vs Texas Rangers: 44 FS|2026-07-18 vs Texas Rangers: 8 FS|2026-07-17 vs Texas Rangers: 32 FS|2026-07-12 @ St. Louis Cardinals: 9 FS|2026-07-11 @ St. Louis Cardinals: 5 FS,2026-07-19 vs Texas Rangers: 44 FS|2026-07-18 vs Texas Rangers: 8 FS|2026-07-17 vs Texas Rangers: 32 FS|2026-07-12 @ St. Louis Cardinals: 9 FS|2026-07-11 @ St. Louis Cardinals: 5 FS|2026-07-10 @ St. Louis Cardinals: 0 FS|2026-07-09 @ Pittsburgh Pirates: 12 FS|2026-07-08 @ Pittsburgh Pirates: 5 FS|2026-07-07 @ Pittsburgh Pirates: 2 FS|2026-07-06 vs New York Mets: 8 FS,2026-07-19 vs Texas Rangers: 44 FS|2026-07-18 vs Texas Rangers: 8 FS|2026-07-17 vs Texas Rangers: 32 FS|2026-07-12 @ St. Louis Cardinals: 9 FS|2026-07-11 @ St. Louis Cardinals: 5 FS|2026-07-10 @ St. Louis Cardinals: 0 FS|2026-07-09 @ Pittsburgh Pirates: 12 FS|2026-07-08 @ Pittsburgh Pirates: 5 FS|2026-07-07 @ Pittsburgh Pirates: 2 FS|2026-07-06 vs New York Mets: 8 FS|2026-07-05 vs New York Mets: 27 FS|2026-07-04 vs New York Mets: 4 FS|2026-07-03 vs New York Mets: 0 FS|2026-07-02 vs St. Louis Cardinals: 7 FS|2026-07-01 vs St. Louis Cardinals: 9 FS,15,30,7.8,5.0,Last 30 games + shrinkage,15.71,11.64,0.37,Hot,7.8,2.547,0.3125,0.0625,0.0625,0.1094,0.0156,11.25,10.26,11.72,12.18,9.73,28.0,16.0,20.0,16.0,20.0,146,84.4,28.08,2.74,28.77,0.379,0.9468,1.0,1.0,1.0,0.987,364,Statcast,1.0,0,Fallback,146,84.4,12.0,16.84,30.49,17.1,67.1,15.8,1.0467,1.0022,1.0551,1.0044,1.062,1.0608,12.87,5.07,Unknown/neutral,Neutral fallback,1.0,1.0,1.0,1.0,1.0,1.0,Neutral fallback,1.072,3,27.0,0.9227,27.0,1.0,0.1769,0.0345,0.0031,0.0608,0.1039,0.0175,0.2093,0.5,0.2353,0.2647,0.1465,0.1305,0.0106,1.0,Projected,,7.88,3.48,14.66,21.19,4.6,0.0,Raw (calibration off),Medium,88.8,82.9,74.7,74.7,70.9,70.9,61.5,61.5,57.6,57.6,50.8,50.8,45.9,45.9,41.8,41.8,37.0,34.8,34.8,32.2,32.2,30.5,30.5,25.8,25.8,24.8,24.8,4.5,6.8,7.5,7.0,6.0,5.0,4.5,4.0,3.5,3.0,2.5,1.0,0.0,0.0,0.0,0.0,0.0,0.0,0.0,0.0,0.0,0.0,0.0,0.0,0.0,0.0,0.0
9,9,2026-07-20,Esmerlyn Valdez,PIT,NYY,PIT @ NYY,AWAY,RF,11.55,9.81,9.81,7.3,9.09,8.07,9.05,8.07,0.892,14.4,13.8,12.67,20|7|16|13|16,20|7|16|13|16|39|16|0|11|0,20|7|16|13|16|39|16|0|11|0|5|15|19|5|8,90.3,84.8,84.3,75.4,74.4,70.4,69.9,60.4,57.3,56.8,49.5,48.0,44.0,44.0,40.8,37.4,37.4,36.0,36.0,33.8,33.8,32.7,32.7,27.6,26.9,26.9,22.0,252.57,A+,MORE 6.0 | 60.4% | Edge +3.8,MORE,6.0,60.4,3.81,20.8,Playable,4,Last 7 Confirmed,,4,7,4-4-4-4-4-4-4,100.0,97.0,4.73,Regular,14,1.04,Ryan Weathers,L,4.15,1.24,0.2298,0.0391,0.066,3.41,1.19,0.2041,0.0268,Yankee Stadium,1.06,1.01,77.4,12.3,161.0,0.0,light wind,118,105,0.305,0.373,0.733,1.106,40,1.507,32,7,1,12,23,32,12,0,0,2026-07-19 @ Cleveland Guardians: 20 FS|2026-07-18 @ Cleveland Guardians: 7 FS|2026-07-18 @ Cleveland Guardians: 16 FS|2026-07-12 vs Milwaukee Brewers: 13 FS|2026-07-11 vs Milwaukee Brewers: 16 FS,2026-07-19 @ Cleveland Guardians: 20 FS|2026-07-18 @ Cleveland Guardians: 7 FS|2026-07-18 @ Cleveland Guardians: 16 FS|2026-07-12 vs Milwaukee Brewers: 13 FS|2026-07-11 vs Milwaukee Brewers: 16 FS|2026-07-11 vs Milwaukee Brewers: 39 FS|2026-07-09 vs Atlanta Braves: 16 FS|2026-07-08 vs Atlanta Braves: 0 FS|2026-07-07 vs Atlanta Braves: 11 FS|2026-07-05 @ Washington Nationals: 0 FS,2026-07-19 @ Cleveland Guardians: 20 FS|2026-07-18 @ Cleveland Guardians: 7 FS|2026-07-18 @ Cleveland Guardians: 16 FS|2026-07-12 vs Milwaukee Brewers: 13 FS|2026-07-11 vs Milwaukee Brewers: 16 FS|2026-07-11 vs Milwaukee Brewers: 39 FS|2026-07-09 vs Atlanta Braves: 16 FS|2026-07-08 vs Atlanta Braves: 0 FS|2026-07-07 vs Atlanta Braves: 11 FS|2026-07-05 @ Washington Nationals: 0 FS|2026-07-04 @ Washington Nationals: 5 FS|2026-07-03 @ Washington Nationals: 15 FS|2026-07-02 @ Philadelphia Phillies: 19 FS|2026-07-01 @ Philadelphia Phillies: 5 FS|2026-06-30 @ Philadelphia Phillies: 8 FS,15,30,11.03,11.5,Last 30 games + shrinkage,18.14,13.0,0.298,Neutral,11.03,2.844,0.2656,0.1562,0.0938,0.0938,0.0,11.38,12.09,11.63,11.83,11.04,28.0,16.0,20.0,16.0,20.0,124,85.46,33.06,4.03,30.65,0.542,1.1075,1.0,1.0,1.0,0.9846,390,Statcast,1.0,9,Fallback,124,85.46,12.0,19.02,32.4,13.7,70.2,16.1,1.0477,0.9859,1.028,0.8299,1.1987,1.0329,13.77,2.74,Unknown/neutral,Neutral fallback,1.0,1.0,1.0,1.0,1.0,1.0,Neutral fallback,1.072,3,27.0,0.913,27.0,1.0,0.1264,0.061,0.0047,0.0764,0.0779,0.0072,0.3287,0.3572,0.4821,0.1608,0.1532,0.2213,0.0089,1.0,Projected,,8.07,3.74,15.33,20.68,4.21,0.0,Raw (calibration off),Low,83.8,76.8,76.8,68.4,68.4,65.4,65.4,56.4,53.8,53.8,47.0,47.0,44.0,44.0,40.8,37.4,37.4,36.0,36.0,33.8,33.8,32.7,32.7,27.6,26.9,26.9,22.0,6.5,8.0,7.5,7.0,6.0,5.0,4.5,4.0,3.5,3.0,2.5,1.0,0.0,0.0,0.0,0.0,0.0,0.0,0.0,0.0,0.0,0.0,0.0,0.0,0.0,0.0,0.0
10,10,2026-07-20,Matt Olson,ATL,SD,SD @ ATL,HOME,1B,10.75,9.68,9.68,7.48,7.66,7.08,8.64,7.08,0.82,8.2,10.2,9.87,12|0|23|3|3,12|0|23|3|3|2|20|0|7|32,12|0|23|3|3|2|20|0|7|32|7|5|30|4|0,91.8,91.8,86.0,85.5,76.6,75.6,71.1,61.6,61.1,57.5,50.4,48.9,44.3,44.3,40.5,37.0,37.0,34.6,34.6,31.9,30.7,30.7,25.6,25.6,24.7,20.8,20.8,246.64,A+,MORE 6.5 | 61.1% | Edge +3.2,MORE,6.5,61.1,3.18,22.2,Playable,3,Last 7 Confirmed,,3,7,3-3-3-3-3-3-3,100.0,97.0,4.92,Regular,14,1.04,JP Sears,L,5.03,1.42,0.2326,0.0465,0.093,4.24,1.34,0.22,0.0295,Truist Park,1.01,1.055,93.9,7.4,205.0,5.0,hot,431,383,0.269,0.343,0.538,0.881,188,0.829,103,25,0,26,67,59,43,2,2,2026-07-19 vs Texas Rangers: 12 FS|2026-07-18 vs Texas Rangers: 0 FS|2026-07-17 vs Texas Rangers: 23 FS|2026-07-12 @ St. Louis Cardinals: 3 FS|2026-07-11 @ St. Louis Cardinals: 3 FS,2026-07-19 vs Texas Rangers: 12 FS|2026-07-18 vs Texas Rangers: 0 FS|2026-07-17 vs Texas Rangers: 23 FS|2026-07-12 @ St. Louis Cardinals: 3 FS|2026-07-11 @ St. Louis Cardinals: 3 FS|2026-07-10 @ St. Louis Cardinals: 2 FS|2026-07-09 @ Pittsburgh Pirates: 20 FS|2026-07-08 @ Pittsburgh Pirates: 0 FS|2026-07-07 @ Pittsburgh Pirates: 7 FS|2026-07-06 vs New York Mets: 32 FS,2026-07-19 vs Texas Rangers: 12 FS|2026-07-18 vs Texas Rangers: 0 FS|2026-07-17 vs Texas Rangers: 23 FS|2026-07-12 @ St. Louis Cardinals: 3 FS|2026-07-11 @ St. Louis Cardinals: 3 FS|2026-07-10 @ St. Louis Cardinals: 2 FS|2026-07-09 @ Pittsburgh Pirates: 20 FS|2026-07-08 @ Pittsburgh Pirates: 0 FS|2026-07-07 @ Pittsburgh Pirates: 7 FS|2026-07-06 vs New York Mets: 32 FS|2026-07-05 vs New York Mets: 7 FS|2026-07-04 vs New York Mets: 5 FS|2026-07-03 vs New York Mets: 30 FS|2026-07-02 vs St. Louis Cardinals: 4 FS|2026-07-01 vs St. Louis Cardinals: 0 FS,15,30,7.87,5.0,Last 30 games + shrinkage,9.0,10.57,0.25,Neutral,7.87,2.277,0.2154,0.1385,0.0923,0.1231,0.0,11.46,10.49,11.19,10.34,9.85,28.0,16.0,20.0,16.0,20.0,302,85.68,31.13,1.32,29.8,0.404,0.9785,1.0,1.0,1.0,0.9985,727,Statcast,1.0,4,Fallback,302,85.68,12.0,22.12,31.13,12.3,64.9,22.8,1.0487,1.0079,1.0792,1.0159,1.1042,1.0129,8.94,1.08,Unknown/neutral,Neutral fallback,1.0,1.0,1.0,1.0,1.0,1.0,Neutral fallback,1.072,3,27.0,0.8625,27.0,1.0,0.1358,0.058,0.0029,0.0673,0.1035,0.0116,0.2285,0.397,0.3587,0.2444,0.1425,0.1297,0.0074,1.0,Projected,,7.08,4.2,14.04,18.96,4.4,0.0,Raw (calibration off),Medium,86.3,86.3,78.5,78.5,70.6,70.6,66.6,57.6,57.6,54.5,47.9,47.9,44.3,44.3,40.5,37.0,37.0,34.6,34.6,31.9,30.7,30.7,25.6,25.6,24.7,20.8,20.8,5.5,5.5,7.5,7.0,6.0,5.0,4.5,4.0,3.5,3.0,2.5,1.0,0.0,0.0,0.0,0.0,0.0,0.0,0.0,0.0,0.0,0.0,0.0,0.0,0.0,0.0,0.0
11,11,2026-07-20,Jake McCarthy,COL,WSH,WSH @ COL,HOME,CF,10.38,8.83,8.83,6.89,8.45,7.62,7.36,7.56,1.036,12.0,9.6,12.33,5|21|10|21|3,5|21|10|21|3|14|2|5|6|9,5|21|10|21|3|14|2|5|6|9|10|3|47|29|0,88.6,81.1,80.6,75.8,74.8,63.4,62.9,58.9,58.4,50.1,49.6,42.9,41.9,37.8,37.8,32.6,32.6,32.6,29.9,29.9,26.2,26.2,23.9,23.9,20.0,20.0,18.0,244.78,A+,MORE 6.5 | 58.4% | Edge +2.3,MORE,6.5,58.4,2.33,16.8,Playable,1,Last 7 Confirmed,,1,7,1-1-1-1-1-1-1,100.0,97.0,5.04,Regular,14,1.04,Andrew Alvarez,L,4.04,1.45,0.2311,0.0094,0.1038,4.82,1.4,0.2307,0.0361,Coors Field,1.15,1.055,98.0,9.4,31.0,1.0,hot,320,291,0.302,0.348,0.512,0.86,77,0.944,88,19,6,10,42,55,18,4,17,2026-07-19 vs Cincinnati Reds: 5 FS|2026-07-18 vs Cincinnati Reds: 21 FS|2026-07-17 vs Cincinnati Reds: 10 FS|2026-07-12 @ San Francisco Giants: 21 FS|2026-07-11 @ San Francisco Giants: 3 FS,2026-07-19 vs Cincinnati Reds: 5 FS|2026-07-18 vs Cincinnati Reds: 21 FS|2026-07-17 vs Cincinnati Reds: 10 FS|2026-07-12 @ San Francisco Giants: 21 FS|2026-07-11 @ San Francisco Giants: 3 FS|2026-07-10 @ San Francisco Giants: 14 FS|2026-07-09 @ San Francisco Giants: 2 FS|2026-07-08 @ Los Angeles Dodgers: 5 FS|2026-07-07 @ Los Angeles Dodgers: 6 FS|2026-07-06 @ Los Angeles Dodgers: 9 FS,2026-07-19 vs Cincinnati Reds: 5 FS|2026-07-18 vs Cincinnati Reds: 21 FS|2026-07-17 vs Cincinnati Reds: 10 FS|2026-07-12 @ San Francisco Giants: 21 FS|2026-07-11 @ San Francisco Giants: 3 FS|2026-07-10 @ San Francisco Giants: 14 FS|2026-07-09 @ San Francisco Giants: 2 FS|2026-07-08 @ Los Angeles Dodgers: 5 FS|2026-07-07 @ Los Angeles Dodgers: 6 FS|2026-07-06 @ Los Angeles Dodgers: 9 FS|2026-07-05 vs San Francisco Giants: 10 FS|2026-07-04 vs San Francisco Giants: 3 FS|2026-07-03 vs San Francisco Giants: 47 FS|2026-07-02 vs Miami Marlins: 29 FS|2026-07-01 vs Miami Marlins: 0 FS,15,30,11.13,8.5,Last 30 games + shrinkage,10.86,13.21,0.34,Hot,11.13,3.033,0.2951,0.1311,0.0656,0.0656,0.0656,10.44,11.25,11.2,9.89,9.17,28.0,16.0,20.0,16.0,20.0,270,79.89,18.52,1.48,31.48,0.337,0.8228,1.0,1.0,1.0,0.9662,496,Statcast,1.0058,24,Statcast,270,79.89,12.0,15.26,32.65,11.9,61.5,26.7,1.0016,1.0388,1.078,1.1744,1.0701,1.003,11.38,0.25,Unknown/neutral,Neutral fallback,1.0,1.0,1.0,1.0,1.0,1.0,Neutral fallback,1.072,3,27.0,1.3,27.0,1.0,0.1572,0.0564,0.0101,0.0293,0.0837,0.018,0.195,0.4833,0.255,0.2617,0.1462,0.1381,0.0331,1.0,Projected,,7.56,2.75,13.1,19.32,4.82,0.0,Raw (calibration off),Medium,81.0,73.1,73.1,68.8,68.8,58.4,58.4,54.9,54.9,47.1,47.1,41.9,41.9,37.8,37.8,32.6,32.6,32.6,29.9,29.9,26.2,26.2,23.9,23.9,20.0,20.0,18.0,7.6,8.0,7.5,7.0,6.0,5.0,4.5,4.0,3.5,3.0,2.5,1.0,0.0,0.0,0.0,0.0,0.0,0.0,0.0,0.0,0.0,0.0,0.0,0.0,0.0,0.0,0.0
12,12,2026-07-20,Heliot Ramos,SF,KC,SF @ KC,AWAY,LF,10.36,10.06,10.06,8.38,7.32,6.85,8.41,6.85,0.814,5.4,8.9,8.67,5|3|8|6|5,5|3|8|6|5|0|5|3|10|44,5|3|8|6|5|0|5|3|10|44|5|7|3|26|0,92.6,92.6,89.8,89.4,80.3,79.3,76.7,66.6,66.1,61.9,61.4,53.7,46.7,46.7,43.3,43.3,38.1,35.8,35.8,32.2,30.1,30.1,25.7,25.7,23.9,21.2,21.2,243.66,A,MORE 7.5 | 61.4% | Edge +2.6,MORE,7.5,61.4,2.56,22.8,Playable,1,Last 7 Confirmed,,1,7,5-5-5-1-1-1-1,57.1,97.0,5.04,Regular,14,1.04,Michael Wacha,R,3.77,1.19,0.2218,0.0287,0.0698,4.99,1.46,0.2339,0.0354,Kauffman Stadium,0.99,1.055,102.9,8.4,209.0,2.0,hot,248,235,0.277,0.31,0.46,0.77,191,0.729,65,13,3,8,32,29,12,0,0,2026-07-19 @ Seattle Mariners: 5 FS|2026-07-18 @ Seattle Mariners: 3 FS|2026-07-17 @ Seattle Mariners: 8 FS|2026-07-12 vs Colorado Rockies: 6 FS|2026-07-11 vs Colorado Rockies: 5 FS,2026-07-19 @ Seattle Mariners: 5 FS|2026-07-18 @ Seattle Mariners: 3 FS|2026-07-17 @ Seattle Mariners: 8 FS|2026-07-12 vs Colorado Rockies: 6 FS|2026-07-11 vs Colorado Rockies: 5 FS|2026-07-10 vs Colorado Rockies: 0 FS|2026-07-09 vs Colorado Rockies: 5 FS|2026-07-08 vs Toronto Blue Jays: 3 FS|2026-07-07 vs Toronto Blue Jays: 10 FS|2026-07-06 vs Toronto Blue Jays: 44 FS,2026-07-19 @ Seattle Mariners: 5 FS|2026-07-18 @ Seattle Mariners: 3 FS|2026-07-17 @ Seattle Mariners: 8 FS|2026-07-12 vs Colorado Rockies: 6 FS|2026-07-11 vs Colorado Rockies: 5 FS|2026-07-10 vs Colorado Rockies: 0 FS|2026-07-09 vs Colorado Rockies: 5 FS|2026-07-08 vs Toronto Blue Jays: 3 FS|2026-07-07 vs Toronto Blue Jays: 10 FS|2026-07-06 vs Toronto Blue Jays: 44 FS|2026-07-05 @ Colorado Rockies: 5 FS|2026-07-04 @ Colorado Rockies: 7 FS|2026-07-03 @ Colorado Rockies: 3 FS|2026-07-01 @ Arizona Diamondbacks: 26 FS|2026-06-30 @ Arizona Diamondbacks: 0 FS,15,30,8.07,5.0,Last 30 games + shrinkage,4.57,9.29,0.317,Hot,8.07,2.131,0.3115,0.0984,0.0492,0.0164,0.0,10.55,11.01,11.12,9.44,9.54,28.0,16.0,20.0,16.0,20.0,90,87.52,34.44,4.44,40.0,0.497,1.1055,1.0,1.0,1.0,1.092,170,Statcast,1.14,12,Statcast,90,87.52,12.0,14.87,31.61,13.3,68.9,17.8,1.0553,1.0098,1.0932,1.0196,1.1242,0.9914,7.35,-0.72,Unknown/neutral,Neutral fallback,1.0,1.0,1.0,1.0,1.0,1.0,Neutral fallback,1.072,3,27.0,0.8625,27.0,1.0,0.1793,0.0618,0.0076,0.0502,0.0599,0.0071,0.2399,0.4899,0.2652,0.2449,0.1361,0.1004,0.0073,1.0,Projected,,6.85,4.31,14.08,19.79,4.8,0.0,Raw (calibration off),Medium,87.6,87.6,83.7,83.7,74.3,74.3,72.2,62.6,62.6,58.9,58.9,52.7,46.7,46.7,43.3,43.3,38.1,35.8,35.8,32.2,30.1,30.1,25.7,25.7,23.9,21.2,21.2,5.0,5.0,6.1,5.7,6.0,5.0,4.5,4.0,3.5,3.0,2.5,1.0,0.0,0.0,0.0,0.0,0.0,0.0,0.0,0.0,0.0,0.0,0.0,0.0,0.0,0.0,0.0
13,13,2026-07-20,Ketel Marte,ARI,ATH,ATH @ ARI,HOME,2B,10.85,9.93,9.93,8.49,6.36,6.23,8.38,6.23,0.744,4.4,4.7,7.33,7|12|3|0|0,7|12|3|0|0|5|0|3|7|10,7|12|3|0|0|5|0|3|7|10|5|2|13|22|21,99.5,92.7,92.4,92.1,87.8,79.4,78.9,75.4,64.7,64.2,60.0,51.9,46.0,46.0,42.2,37.3,37.3,35.1,31.9,31.9,29.8,25.4,25.4,23.8,20.9,20.9,18.5,243.54,A,MORE 7.5 | 60.0% | Edge +2.4,MORE,7.5,60.0,2.43,20.0,Playable,1,Last 7 Confirmed,,1,7,1-1-1-1-1-1-1,100.0,97.0,5.13,Regular,14,1.04,Jeffrey Springs,L,6.08,1.42,0.2372,0.0605,0.086,5.33,1.48,0.234,0.0399,Chase Field,1.0,1.0,,,,,Indoor/retractable neutral,419,384,0.258,0.313,0.456,0.769,107,0.934,99,19,3,17,53,56,30,2,4,2026-07-19 vs St. Louis Cardinals: 7 FS|2026-07-18 vs St. Louis Cardinals: 12 FS|2026-07-17 vs St. Louis Cardinals: 3 FS|2026-07-12 @ Los Angeles Dodgers: 0 FS|2026-07-11 @ Los Angeles Dodgers: 0 FS,2026-07-19 vs St. Louis Cardinals: 7 FS|2026-07-18 vs St. Louis Cardinals: 12 FS|2026-07-17 vs St. Louis Cardinals: 3 FS|2026-07-12 @ Los Angeles Dodgers: 0 FS|2026-07-11 @ Los Angeles Dodgers: 0 FS|2026-07-10 @ Los Angeles Dodgers: 5 FS|2026-07-09 @ San Diego Padres: 0 FS|2026-07-08 @ San Diego Padres: 3 FS|2026-07-07 @ San Diego Padres: 7 FS|2026-07-06 @ San Diego Padres: 10 FS,2026-07-19 vs St. Louis Cardinals: 7 FS|2026-07-18 vs St. Louis Cardinals: 12 FS|2026-07-17 vs St. Louis Cardinals: 3 FS|2026-07-12 @ Los Angeles Dodgers: 0 FS|2026-07-11 @ Los Angeles Dodgers: 0 FS|2026-07-10 @ Los Angeles Dodgers: 5 FS|2026-07-09 @ San Diego Padres: 0 FS|2026-07-08 @ San Diego Padres: 3 FS|2026-07-07 @ San Diego Padres: 7 FS|2026-07-06 @ San Diego Padres: 10 FS|2026-07-05 vs Milwaukee Brewers: 5 FS|2026-07-04 vs Milwaukee Brewers: 2 FS|2026-07-03 vs Milwaukee Brewers: 13 FS|2026-07-01 vs San Francisco Giants: 22 FS|2026-06-30 vs San Francisco Giants: 21 FS,15,30,8.83,7.5,Last 30 games + shrinkage,3.86,6.36,0.22,Neutral,8.83,1.413,0.2063,0.0476,0.0,0.0635,0.0476,11.43,11.77,9.7,9.54,11.5,28.0,16.0,20.0,16.0,20.0,303,85.79,34.32,1.65,28.71,0.402,0.9909,1.0,1.0,1.0,1.0298,595,Statcast,1.14,18,Statcast,303,85.79,12.0,14.19,33.9,14.5,60.7,24.8,1.0,1.0048,1.0177,1.0096,1.0321,0.9754,6.78,-2.05,Unknown/neutral,Neutral fallback,1.0,1.0,1.0,1.0,1.0,1.0,Neutral fallback,1.072,3,27.0,0.9336,27.0,0.9911,0.1725,0.0522,0.0057,0.0546,0.0815,0.0101,0.1689,0.4074,0.3395,0.2531,0.136,0.1114,0.0137,1.0,Projected,,6.23,4.78,13.7,18.16,4.64,0.0,Raw (calibration off),Medium,100.0,87.9,87.9,87.9,82.5,74.4,74.4,71.4,61.2,61.2,57.5,50.9,46.0,46.0,42.2,37.3,37.3,35.1,31.9,31.9,29.8,25.4,25.4,23.8,20.9,20.9,18.5,0.0,4.8,4.5,4.2,5.2,5.0,4.5,4.0,3.5,3.0,2.5,1.0,0.0,0.0,0.0,0.0,0.0,0.0,0.0,0.0,0.0,0.0,0.0,0.0,0.0,0.0,0.0
14,14,2026-07-20,Riley Greene,DET,CHC,DET @ CHC,AWAY,LF,10.63,9.39,9.39,7.4,7.58,7.03,8.44,7.03,0.833,6.4,9.0,10.47,16|2|9|3|2,16|2|9|3|2|15|0|10|0|33,16|2|9|3|2|15|0|10|0|33|19|5|11|30|2,91.8,91.8,86.1,85.6,76.7,71.3,70.8,60.8,60.3,56.3,48.7,47.2,42.3,42.3,38.4,34.8,34.8,32.4,32.4,30.1,28.8,28.8,24.5,24.5,23.6,19.8,19.8,240.89,A,MORE 6.5 | 60.3% | Edge +2.9,MORE,6.5,60.3,2.89,20.6,Playable,4,Last 7 Confirmed,,4,7,4-4-5-4-5-3-4,57.1,97.0,4.82,Regular,14,1.04,Jameson Taillon,R,5.19,1.3,0.2265,0.0697,0.0801,4.27,1.27,0.221,0.0408,Wrigley Field,1.03,1.0,73.0,7.7,38.0,0.0,neutral,412,353,0.286,0.379,0.467,0.846,284,0.886,101,20,1,14,50,47,53,2,2,2026-07-19 @ Los Angeles Angels: 16 FS|2026-07-18 @ Los Angeles Angels: 2 FS|2026-07-17 @ Los Angeles Angels: 9 FS|2026-07-12 vs Philadelphia Phillies: 3 FS|2026-07-11 vs Philadelphia Phillies: 2 FS,2026-07-19 @ Los Angeles Angels: 16 FS|2026-07-18 @ Los Angeles Angels: 2 FS|2026-07-17 @ Los Angeles Angels: 9 FS|2026-07-12 vs Philadelphia Phillies: 3 FS|2026-07-11 vs Philadelphia Phillies: 2 FS|2026-07-10 vs Philadelphia Phillies: 15 FS|2026-07-09 vs Athletics: 0 FS|2026-07-08 vs Athletics: 10 FS|2026-07-07 vs Athletics: 0 FS|2026-07-05 @ Texas Rangers: 33 FS,2026-07-19 @ Los Angeles Angels: 16 FS|2026-07-18 @ Los Angeles Angels: 2 FS|2026-07-17 @ Los Angeles Angels: 9 FS|2026-07-12 vs Philadelphia Phillies: 3 FS|2026-07-11 vs Philadelphia Phillies: 2 FS|2026-07-10 vs Philadelphia Phillies: 15 FS|2026-07-09 vs Athletics: 0 FS|2026-07-08 vs Athletics: 10 FS|2026-07-07 vs Athletics: 0 FS|2026-07-05 @ Texas Rangers: 33 FS|2026-07-04 @ Texas Rangers: 19 FS|2026-07-02 @ Texas Rangers: 5 FS|2026-07-01 @ New York Yankees: 11 FS|2026-06-30 @ New York Yankees: 30 FS|2026-06-28 vs Houston Astros: 2 FS,15,30,8.13,5.0,Last 30 games + shrinkage,6.71,11.07,0.292,Neutral,8.13,2.627,0.2373,0.1525,0.0847,0.1525,0.0169,10.49,10.82,11.75,9.96,10.07,28.0,16.0,20.0,16.0,20.0,262,84.08,29.01,1.91,33.97,0.431,0.9782,1.0,1.0,1.0,1.0694,618,Statcast,1.14,27,Statcast,262,84.08,12.0,19.24,28.39,13.7,64.9,21.4,0.9768,1.0024,0.9853,1.0048,0.9923,1.0073,8.74,0.61,Unknown/neutral,Neutral fallback,1.0,1.0,1.0,1.0,1.0,1.0,Neutral fallback,1.072,3,27.0,0.89,27.0,0.9942,0.1515,0.0545,0.0043,0.0635,0.1067,0.0075,0.247,0.325,0.3999,0.275,0.1226,0.154,0.0089,1.0,Projected,,7.03,4.07,13.23,19.06,4.25,0.0,Raw (calibration off),Medium,86.4,86.4,78.6,78.6,70.7,66.3,66.3,56.8,56.8,53.3,46.2,46.2,42.3,42.3,38.4,34.8,34.8,32.4,32.4,30.1,28.8,28.8,24.5,24.5,23.6,19.8,19.8,5.4,5.4,7.5,7.0,6.0,5.0,4.5,4.0,3.5,3.0,2.5,1.0,0.0,0.0,0.0,0.0,0.0,0.0,0.0,0.0,0.0,0.0,0.0,0.0,0.0,0.0,0.0
15,15,2026-07-20,Willson Contreras,BOS,BAL,BAL @ BOS,HOME,1B,10.37,8.94,8.94,7.24,7.53,7.0,7.99,7.0,0.876,10.8,11.9,11.73,20|4|14|0|16,20|4|14|0|16|20|18|12|10|5,20|4|14|0|16|20|18|12|10|5|18|5|11|21|2,91.6,85.8,85.3,76.8,75.8,70.7,60.4,59.9,56.4,55.9,47.8,46.3,41.7,36.7,36.7,32.7,32.7,30.4,30.4,27.3,25.6,25.6,21.6,21.6,20.6,20.6,17.2,237.36,A,MORE 6.0 | 59.9% | Edge +2.9,MORE,6.0,59.9,2.94,19.8,Playable,4,Last 7 Confirmed,,4,3,4-4-4,100.0,88.5,4.63,Likely regular,11,1.0,Shane Baz,R,4.19,1.39,0.2344,0.0187,0.0871,4.21,1.35,0.2238,0.0285,Fenway Park,1.05,1.03,82.4,6.8,261.0,0.0,warm,376,321,0.283,0.38,0.551,0.931,271,0.903,91,16,2,22,49,64,37,15,2,2026-07-19 vs Tampa Bay Rays: 20 FS|2026-07-18 vs Tampa Bay Rays: 4 FS|2026-07-17 vs Tampa Bay Rays: 14 FS|2026-07-08 @ Chicago White Sox: 0 FS|2026-07-07 @ Chicago White Sox: 16 FS,2026-07-19 vs Tampa Bay Rays: 20 FS|2026-07-18 vs Tampa Bay Rays: 4 FS|2026-07-17 vs Tampa Bay Rays: 14 FS|2026-07-08 @ Chicago White Sox: 0 FS|2026-07-07 @ Chicago White Sox: 16 FS|2026-07-05 @ Los Angeles Angels: 20 FS|2026-07-04 @ Los Angeles Angels: 18 FS|2026-07-03 @ Los Angeles Angels: 12 FS|2026-07-01 vs Washington Nationals: 10 FS|2026-06-30 vs Washington Nationals: 5 FS,2026-07-19 vs Tampa Bay Rays: 20 FS|2026-07-18 vs Tampa Bay Rays: 4 FS|2026-07-17 vs Tampa Bay Rays: 14 FS|2026-07-08 @ Chicago White Sox: 0 FS|2026-07-07 @ Chicago White Sox: 16 FS|2026-07-05 @ Los Angeles Angels: 20 FS|2026-07-04 @ Los Angeles Angels: 18 FS|2026-07-03 @ Los Angeles Angels: 12 FS|2026-07-01 vs Washington Nationals: 10 FS|2026-06-30 vs Washington Nationals: 5 FS|2026-06-29 vs Washington Nationals: 18 FS|2026-06-28 vs New York Yankees: 5 FS|2026-06-27 vs New York Yankees: 11 FS|2026-06-26 vs New York Yankees: 21 FS|2026-06-25 vs New York Yankees: 2 FS,15,30,9.57,6.5,Last 30 games + shrinkage,13.14,12.43,0.326,Hot,9.57,3.164,0.2727,0.1636,0.1091,0.1455,0.0182,10.24,10.65,11.45,10.49,9.15,28.0,16.0,20.0,16.0,20.0,232,83.23,32.76,2.59,28.45,0.454,1.0016,1.0,1.0,1.0,1.1265,501,Statcast,1.05,45,Statcast,232,83.23,12.0,20.94,32.51,22.0,65.1,12.9,1.0185,1.0208,1.185,0.9215,1.0445,1.0204,11.26,1.7,Unknown/neutral,Neutral fallback,1.0,1.0,1.0,1.0,1.0,1.0,Neutral fallback,1.072,3,27.0,0.9546,27.0,1.0,0.1417,0.0701,0.0037,0.0485,0.0996,0.0214,0.2317,0.4243,0.3333,0.2424,0.1316,0.1974,0.0097,1.0,Projected,,7.0,3.74,13.37,18.63,4.29,0.0,Raw (calibration off),Low,86.0,77.8,77.8,69.8,69.8,65.7,55.9,55.9,52.9,52.9,45.3,45.3,41.7,36.7,36.7,32.7,32.7,30.4,30.4,27.3,25.6,25.6,21.6,21.6,20.6,20.6,17.2,5.6,8.0,7.5,7.0,6.0,5.0,4.5,4.0,3.5,3.0,2.5,1.0,0.0,0.0,0.0,0.0,0.0,0.0,0.0,0.0,0.0,0.0,0.0,0.0,0.0,0.0,0.0
16,16,2026-07-20,Pete Crow-Armstrong,CHC,DET,DET @ CHC,HOME,CF,10.26,8.44,8.44,6.76,9.05,8.04,7.39,7.92,1.088,7.6,10.7,11.93,7|0|9|18|4,7|0|9|18|4|0|9|32|8|20,7|0|9|18|4|0|9|32|8|20|9|5|28|18|12,78.5,78.5,71.4,70.9,69.9,59.2,58.7,54.5,54.0,46.4,45.9,40.2,39.2,34.4,34.4,34.4,30.5,30.5,27.8,27.8,25.1,25.1,23.5,23.5,19.5,19.5,18.2,234.85,A,MORE 5.5 | 58.7% | Edge +2.9,MORE,5.5,58.7,2.94,17.4,Playable,1,Last 7 Confirmed,,1,7,1-1-1-1-1-1-1,100.0,97.0,5.13,Regular,14,1.04,Jack Flaherty,R,4.48,1.41,0.2049,0.0243,0.1078,3.58,1.21,0.2091,0.026,Wrigley Field,1.03,1.0,73.0,7.7,38.0,0.0,neutral,431,370,0.284,0.379,0.519,0.898,288,0.92,105,16,4,21,65,53,48,10,25,2026-07-19 vs Minnesota Twins: 7 FS|2026-07-18 vs Minnesota Twins: 0 FS|2026-07-17 vs Minnesota Twins: 9 FS|2026-07-12 @ Cincinnati Reds: 18 FS|2026-07-11 @ Cincinnati Reds: 4 FS,2026-07-19 vs Minnesota Twins: 7 FS|2026-07-18 vs Minnesota Twins: 0 FS|2026-07-17 vs Minnesota Twins: 9 FS|2026-07-12 @ Cincinnati Reds: 18 FS|2026-07-11 @ Cincinnati Reds: 4 FS|2026-07-10 @ Cincinnati Reds: 0 FS|2026-07-09 @ Baltimore Orioles: 9 FS|2026-07-08 @ Baltimore Orioles: 32 FS|2026-07-07 @ Baltimore Orioles: 8 FS|2026-07-05 vs St. Louis Cardinals: 20 FS,2026-07-19 vs Minnesota Twins: 7 FS|2026-07-18 vs Minnesota Twins: 0 FS|2026-07-17 vs Minnesota Twins: 9 FS|2026-07-12 @ Cincinnati Reds: 18 FS|2026-07-11 @ Cincinnati Reds: 4 FS|2026-07-10 @ Cincinnati Reds: 0 FS|2026-07-09 @ Baltimore Orioles: 9 FS|2026-07-08 @ Baltimore Orioles: 32 FS|2026-07-07 @ Baltimore Orioles: 8 FS|2026-07-05 vs St. Louis Cardinals: 20 FS|2026-07-04 vs St. Louis Cardinals: 9 FS|2026-07-03 vs St. Louis Cardinals: 5 FS|2026-07-01 vs San Diego Padres: 28 FS|2026-06-30 vs San Diego Padres: 18 FS|2026-06-29 vs San Diego Padres: 12 FS,15,30,13.33,10.5,Last 30 games + shrinkage,6.71,11.93,0.28,Neutral,13.33,2.694,0.2258,0.1129,0.0645,0.1613,0.0806,10.66,12.02,10.82,8.88,8.84,28.0,16.0,20.0,16.0,20.0,291,83.72,30.58,2.06,33.33,0.506,1.0363,1.0,1.0,1.0,1.0965,672,Statcast,1.0701,60,Statcast,291,83.72,12.0,22.35,31.25,8.9,63.6,27.5,0.9768,1.0027,0.9865,1.0055,0.9945,0.9661,10.51,-2.83,Unknown/neutral,Neutral fallback,1.0,1.0,1.0,1.0,1.0,1.0,Neutral fallback,1.072,3,27.0,1.3,27.0,0.9797,0.1266,0.0478,0.0047,0.0398,0.1293,0.0162,0.2593,0.2992,0.436,0.2649,0.1456,0.1046,0.0364,1.0,Projected,,7.92,2.41,13.29,19.82,4.53,0.0,Raw (calibration off),Low,70.5,70.5,63.9,63.9,63.9,54.2,54.2,50.5,50.5,43.4,43.4,39.2,39.2,34.4,34.4,34.4,30.5,30.5,27.8,27.8,25.1,25.1,23.5,23.5,19.5,19.5,18.2,8.0,8.0,7.5,7.0,6.0,5.0,4.5,4.0,3.5,3.0,2.5,1.0,0.0,0.0,0.0,0.0,0.0,0.0,0.0,0.0,0.0,0.0,0.0,0.0,0.0,0.0,0.0
17,17,2026-07-20,Rafael Devers,SF,KC,SF @ KC,AWAY,1B,9.84,9.09,9.09,7.22,8.48,7.64,8.52,7.64,0.897,4.0,7.7,10.13,0|14|0|4|2,0|14|0|4|2|26|16|2|5|8,0|14|0|4|2|26|16|2|5|8|28|5|17|7|18,89.9,83.3,82.8,74.6,73.6,68.6,58.3,57.8,54.7,54.2,47.1,45.6,41.4,41.4,37.9,34.3,34.3,32.4,32.4,29.7,29.7,28.5,24.0,24.0,23.2,23.2,19.1,228.31,A,MORE 5.5 | 58.3% | Edge +3.6,MORE,5.5,58.3,3.59,16.6,Playable,4,Last 7 Confirmed,,4,7,4-4-4-4-4-4-4,100.0,97.0,4.82,Regular,14,1.04,Michael Wacha,R,3.77,1.19,0.2218,0.0287,0.0698,4.99,1.46,0.2339,0.0354,Kauffman Stadium,0.99,1.055,102.9,8.4,209.0,2.0,hot,421,379,0.243,0.311,0.472,0.783,285,0.903,92,25,1,20,50,53,38,1,0,2026-07-19 @ Seattle Mariners: 0 FS|2026-07-18 @ Seattle Mariners: 14 FS|2026-07-17 @ Seattle Mariners: 0 FS|2026-07-12 vs Colorado Rockies: 4 FS|2026-07-11 vs Colorado Rockies: 2 FS,2026-07-19 @ Seattle Mariners: 0 FS|2026-07-18 @ Seattle Mariners: 14 FS|2026-07-17 @ Seattle Mariners: 0 FS|2026-07-12 vs Colorado Rockies: 4 FS|2026-07-11 vs Colorado Rockies: 2 FS|2026-07-10 vs Colorado Rockies: 26 FS|2026-07-09 vs Colorado Rockies: 16 FS|2026-07-08 vs Toronto Blue Jays: 2 FS|2026-07-07 vs Toronto Blue Jays: 5 FS|2026-07-06 vs Toronto Blue Jays: 8 FS,2026-07-19 @ Seattle Mariners: 0 FS|2026-07-18 @ Seattle Mariners: 14 FS|2026-07-17 @ Seattle Mariners: 0 FS|2026-07-12 vs Colorado Rockies: 4 FS|2026-07-11 vs Colorado Rockies: 2 FS|2026-07-10 vs Colorado Rockies: 26 FS|2026-07-09 vs Colorado Rockies: 16 FS|2026-07-08 vs Toronto Blue Jays: 2 FS|2026-07-07 vs Toronto Blue Jays: 5 FS|2026-07-06 vs Toronto Blue Jays: 8 FS|2026-07-05 @ Colorado Rockies: 28 FS|2026-07-04 @ Colorado Rockies: 5 FS|2026-07-03 @ Colorado Rockies: 17 FS|2026-07-01 @ Arizona Diamondbacks: 7 FS|2026-06-30 @ Arizona Diamondbacks: 18 FS,15,30,9.33,6.0,Last 30 games + shrinkage,8.86,9.57,0.25,Neutral,9.33,2.161,0.2097,0.0968,0.0806,0.1452,0.0,9.55,10.65,10.11,9.46,9.64,28.0,16.0,20.0,16.0,20.0,266,85.73,31.2,2.26,32.71,0.457,1.0269,1.0,1.0,1.0,1.029,689,Statcast,0.9848,22,Statcast,266,85.73,12.0,21.49,32.98,12.8,64.3,22.9,1.0623,1.0078,1.0926,1.0156,1.1174,0.9909,8.57,-0.76,Unknown/neutral,Neutral fallback,1.0,1.0,1.0,1.0,1.0,1.0,Neutral fallback,1.072,3,27.0,0.8625,27.0,1.0,0.1223,0.057,0.0032,0.058,0.0926,0.0068,0.2516,0.363,0.4274,0.2096,0.1219,0.1587,0.0066,1.0,Projected,,7.64,3.63,13.49,19.77,4.52,0.0,Raw (calibration off),Low,83.1,75.3,75.3,67.6,67.6,63.6,53.8,53.8,51.2,51.2,44.6,44.6,41.4,41.4,37.9,34.3,34.3,32.4,32.4,29.7,29.7,28.5,24.0,24.0,23.2,23.2,19.1,6.8,8.0,7.5,7.0,6.0,5.0,4.5,4.0,3.5,3.0,2.5,1.0,0.0,0.0,0.0,0.0,0.0,0.0,0.0,0.0,0.0,0.0,0.0,0.0,0.0,0.0,0.0
18,18,2026-07-20,Bryan Reynolds,PIT,NYY,PIT @ NYY,AWAY,LF,10.68,8.88,8.88,7.35,6.73,6.47,7.95,6.47,0.814,8.8,9.6,9.47,0|7|12|11|14,0|7|12|11|14|4|16|8|10|14,0|7|12|11|14|4|16|8|10|14|13|23|5|5|0,91.1,91.1,85.0,84.5,74.8,70.0,69.5,59.0,58.5,55.2,47.6,46.1,40.9,36.7,36.7,32.9,32.9,30.8,28.1,28.1,26.8,26.8,22.3,21.3,21.3,17.6,15.6,227.9,A,MORE 6.5 | 58.5% | Edge +2.4,MORE,6.5,58.5,2.38,17.0,Playable,3,Last 7 Confirmed,,3,7,3-3-3-3-3-3-3,100.0,97.0,4.92,Regular,14,1.04,Ryan Weathers,L,4.15,1.24,0.2298,0.0391,0.066,3.41,1.19,0.2041,0.0268,Yankee Stadium,1.06,1.01,77.4,12.3,161.0,0.0,light wind,435,362,0.282,0.398,0.475,0.873,138,0.928,102,24,2,14,70,59,63,8,7,2026-07-19 @ Cleveland Guardians: 0 FS|2026-07-18 @ Cleveland Guardians: 7 FS|2026-07-18 @ Cleveland Guardians: 12 FS|2026-07-12 vs Milwaukee Brewers: 11 FS|2026-07-11 vs Milwaukee Brewers: 14 FS,2026-07-19 @ Cleveland Guardians: 0 FS|2026-07-18 @ Cleveland Guardians: 7 FS|2026-07-18 @ Cleveland Guardians: 12 FS|2026-07-12 vs Milwaukee Brewers: 11 FS|2026-07-11 vs Milwaukee Brewers: 14 FS|2026-07-11 vs Milwaukee Brewers: 4 FS|2026-07-09 vs Atlanta Braves: 16 FS|2026-07-08 vs Atlanta Braves: 8 FS|2026-07-07 vs Atlanta Braves: 10 FS|2026-07-05 @ Washington Nationals: 14 FS,2026-07-19 @ Cleveland Guardians: 0 FS|2026-07-18 @ Cleveland Guardians: 7 FS|2026-07-18 @ Cleveland Guardians: 12 FS|2026-07-12 vs Milwaukee Brewers: 11 FS|2026-07-11 vs Milwaukee Brewers: 14 FS|2026-07-11 vs Milwaukee Brewers: 4 FS|2026-07-09 vs Atlanta Braves: 16 FS|2026-07-08 vs Atlanta Braves: 8 FS|2026-07-07 vs Atlanta Braves: 10 FS|2026-07-05 @ Washington Nationals: 14 FS|2026-07-04 @ Washington Nationals: 13 FS|2026-07-03 @ Washington Nationals: 23 FS|2026-07-02 @ Philadelphia Phillies: 5 FS|2026-07-01 @ Philadelphia Phillies: 5 FS|2026-06-30 @ Philadelphia Phillies: 0 FS,15,30,10.5,7.5,Last 30 games + shrinkage,9.14,10.14,0.283,Neutral,10.5,2.254,0.2381,0.1111,0.0476,0.1111,0.0317,10.74,11.77,10.73,10.07,10.16,28.0,16.0,20.0,16.0,20.0,281,84.91,28.83,2.14,32.03,0.448,1.0021,1.0,1.0,1.0,1.0538,664,Statcast,1.14,12,Statcast,281,84.91,12.0,11.13,30.86,12.1,67.6,20.3,1.036,0.9811,0.9988,0.8219,1.1483,0.984,9.17,-1.33,Unknown/neutral,Neutral fallback,1.0,1.0,1.0,1.0,1.0,1.0,Neutral fallback,1.072,3,27.0,1.0595,27.0,1.0,0.1399,0.0641,0.0027,0.0552,0.0911,0.0139,0.2414,0.4552,0.2835,0.2613,0.1465,0.1419,0.0143,1.0,Projected,,6.47,4.09,13.05,17.94,4.3,0.0,Raw (calibration off),Medium,85.2,85.2,77.5,77.5,68.8,65.0,65.0,55.0,55.0,52.2,45.1,45.1,40.9,36.7,36.7,32.9,32.9,30.8,28.1,28.1,26.8,26.8,22.3,21.3,21.3,17.6,15.6,5.9,5.9,7.5,7.0,6.0,5.0,4.5,4.0,3.5,3.0,2.5,1.0,0.0,0.0,0.0,0.0,0.0,0.0,0.0,0.0,0.0,0.0,0.0,0.0,0.0,0.0,0.0
19,19,2026-07-20,Heriberto Hernández,MIA,HOU,MIA @ HOU,AWAY,LF,9.38,9.16,9.16,7.39,7.19,6.77,8.25,6.77,0.82,5.6,10.2,9.53,6|2|8|7|5,6|2|8|7|5|16|2|5|14|37,6|2|8|7|5|16|2|5|14|37|2|21|0|7|11,91.5,91.5,85.6,85.1,76.4,70.6,70.1,59.9,59.4,55.5,47.6,46.1,41.3,41.3,37.2,33.8,33.8,31.9,29.1,29.1,27.6,27.6,23.2,22.4,22.4,18.8,18.8,227.66,A,MORE 6.5 | 59.4% | Edge +2.7,MORE,6.5,59.4,2.66,18.8,Playable,2,Last 7 Confirmed,,2,7,2-2-5-2-5-2-5,57.1,97.0,4.75,Likely regular,11,1.0,Ronel Blanco,R,4.2,1.25,0.224,0.03,0.085,4.75,1.4,0.2068,0.0357,Daikin Park,1.0,1.0,,,,,Weather unavailable,241,215,0.237,0.315,0.47,0.785,147,0.705,51,9,1,13,25,36,24,1,6,2026-07-19 @ Milwaukee Brewers: 6 FS|2026-07-18 @ Milwaukee Brewers: 2 FS|2026-07-17 @ Milwaukee Brewers: 8 FS|2026-07-12 vs Cleveland Guardians: 7 FS|2026-07-11 vs Cleveland Guardians: 5 FS,2026-07-19 @ Milwaukee Brewers: 6 FS|2026-07-18 @ Milwaukee Brewers: 2 FS|2026-07-17 @ Milwaukee Brewers: 8 FS|2026-07-12 vs Cleveland Guardians: 7 FS|2026-07-11 vs Cleveland Guardians: 5 FS|2026-07-10 vs Cleveland Guardians: 16 FS|2026-07-09 vs Seattle Mariners: 2 FS|2026-07-08 vs Seattle Mariners: 5 FS|2026-07-07 vs Seattle Mariners: 14 FS|2026-07-05 @ Athletics: 37 FS,2026-07-19 @ Milwaukee Brewers: 6 FS|2026-07-18 @ Milwaukee Brewers: 2 FS|2026-07-17 @ Milwaukee Brewers: 8 FS|2026-07-12 vs Cleveland Guardians: 7 FS|2026-07-11 vs Cleveland Guardians: 5 FS|2026-07-10 vs Cleveland Guardians: 16 FS|2026-07-09 vs Seattle Mariners: 2 FS|2026-07-08 vs Seattle Mariners: 5 FS|2026-07-07 vs Seattle Mariners: 14 FS|2026-07-05 @ Athletics: 37 FS|2026-07-04 @ Athletics: 2 FS|2026-07-03 @ Athletics: 21 FS|2026-07-02 @ Colorado Rockies: 0 FS|2026-07-01 @ Colorado Rockies: 7 FS|2026-06-29 @ Colorado Rockies: 11 FS,15,30,7.9,5.0,Last 30 games + shrinkage,6.57,9.43,0.304,Hot,7.9,2.538,0.2692,0.1923,0.0962,0.1154,0.0192,9.5,10.02,10.35,8.72,8.26,28.0,16.0,20.0,16.0,20.0,160,85.4,31.87,3.12,31.25,0.487,1.0541,1.0,1.0,1.0,1.0,0,Fallback,1.0,0,Fallback,160,85.4,12.0,17.09,35.0,24.4,61.9,13.8,1.0,1.005,1.0184,1.01,1.0335,1.0003,7.93,0.03,Unknown/neutral,Neutral fallback,1.0,1.0,1.0,1.0,1.0,1.0,Neutral fallback,1.072,3,27.0,1.3,27.0,1.0,0.1237,0.0534,0.0033,0.05,0.104,0.0092,0.2337,0.3793,0.4138,0.2069,0.124,0.1222,0.0182,1.0,Projected,,6.77,4.11,13.13,18.87,4.83,0.0,Raw (calibration off),Medium,85.9,85.9,78.1,78.1,70.4,65.6,65.6,55.9,55.9,52.5,45.1,45.1,41.3,41.3,37.2,33.8,33.8,31.9,29.1,29.1,27.6,27.6,23.2,22.4,22.4,18.8,18.8,5.6,5.6,7.5,7.0,6.0,5.0,4.5,4.0,3.5,3.0,2.5,1.0,0.0,0.0,0.0,0.0,0.0,0.0,0.0,0.0,0.0,0.0,0.0,0.0,0.0,0.0,0.0
20,20,2026-07-20,Shohei Ohtani,LAD,PHI,LAD @ PHI,AWAY,TWP,10.46,9.1,9.1,7.3,7.73,7.13,8.3,7.13,0.859,8.2,10.6,9.13,3|14|0|21|3,3|14|0|21|3|14|0|16|28|7,3|14|0|21|3|14|0|16|28|7|0|5|0|5|21,90.5,90.5,85.3,75.1,74.1,70.5,70.0,59.8,56.1,55.6,48.2,46.7,41.1,41.1,37.9,33.9,33.9,31.9,31.9,29.1,27.8,27.8,23.1,23.1,22.2,22.2,18.9,226.27,A,MORE 6.0 | 59.8% | Edge +3.1,MORE,6.0,59.8,3.1,19.6,Playable,1,Last 7 Confirmed,,1,7,1-1-1-1-1-1-1,100.0,97.0,5.13,Regular,13,1.04,Cristopher Sánchez,L,2.62,1.19,0.24,0.0229,0.0476,4.21,1.32,0.2295,0.0315,Citizens Bank Park,1.04,1.03,83.7,5.5,192.0,0.0,warm,417,346,0.292,0.4,0.543,0.943,124,0.936,101,17,2,22,66,60,60,5,6,2026-07-19 @ New York Yankees: 3 FS|2026-07-19 @ New York Yankees: 14 FS|2026-07-17 @ New York Yankees: 0 FS|2026-07-12 vs Arizona Diamondbacks: 21 FS|2026-07-11 vs Arizona Diamondbacks: 3 FS,2026-07-19 @ New York Yankees: 3 FS|2026-07-19 @ New York Yankees: 14 FS|2026-07-17 @ New York Yankees: 0 FS|2026-07-12 vs Arizona Diamondbacks: 21 FS|2026-07-11 vs Arizona Diamondbacks: 3 FS|2026-07-10 vs Arizona Diamondbacks: 14 FS|2026-07-08 vs Colorado Rockies: 0 FS|2026-07-07 vs Colorado Rockies: 16 FS|2026-07-06 vs Colorado Rockies: 28 FS|2026-07-05 vs San Diego Padres: 7 FS,2026-07-19 @ New York Yankees: 3 FS|2026-07-19 @ New York Yankees: 14 FS|2026-07-17 @ New York Yankees: 0 FS|2026-07-12 vs Arizona Diamondbacks: 21 FS|2026-07-11 vs Arizona Diamondbacks: 3 FS|2026-07-10 vs Arizona Diamondbacks: 14 FS|2026-07-08 vs Colorado Rockies: 0 FS|2026-07-07 vs Colorado Rockies: 16 FS|2026-07-06 vs Colorado Rockies: 28 FS|2026-07-05 vs San Diego Padres: 7 FS|2026-07-03 vs San Diego Padres: 0 FS|2026-07-02 vs San Diego Padres: 5 FS|2026-07-01 @ Athletics: 0 FS|2026-06-30 @ Athletics: 5 FS|2026-06-29 @ Athletics: 21 FS,15,30,9.7,8.0,Last 30 games + shrinkage,7.86,8.29,0.264,Neutral,9.7,2.0,0.2414,0.1034,0.069,0.0862,0.0,11.08,11.03,10.09,10.08,9.83,28.0,16.0,20.0,16.0,20.0,225,86.67,34.22,3.56,35.11,0.54,1.1201,1.0,1.0,1.0,1.1345,254,Statcast,1.0,19,Statcast,225,86.67,12.0,20.0,31.34,13.8,59.6,26.7,1.0315,1.0097,1.0681,1.0194,1.0981,0.9914,8.99,-0.71,Unknown/neutral,Neutral fallback,1.0,1.0,1.0,1.0,1.0,1.0,Neutral fallback,1.072,3,27.0,1.1189,27.0,1.0,0.1458,0.0582,0.0037,0.0559,0.077,0.0081,0.2415,0.395,0.3277,0.2774,0.1352,0.1143,0.0117,1.0,Projected,,7.13,3.86,13.31,19.32,4.49,0.0,Raw (calibration off),Low,84.1,84.1,77.8,68.1,68.1,65.5,65.5,55.8,52.6,52.6,45.7,45.7,41.1,41.1,37.9,33.9,33.9,31.9,31.9,29.1,27.8,27.8,23.1,23.1,22.2,22.2,18.9,6.4,6.4,7.5,7.0,6.0,5.0,4.5,4.0,3.5,3.0,2.5,1.0,0.0,0.0,0.0,0.0,0.0,0.0,0.0,0.0,0.0,0.0,0.0,0.0,0.0,0.0,0.0
21,21,2026-07-20,Daylen Lile,WSH,COL,WSH @ COL,AWAY,LF,8.62,9.26,9.26,7.63,5.78,5.86,8.18,5.89,0.72,5.6,4.7,7.33,0|5|23|0|0,0|5|23|0|0|7|12|0|0|0,0|5|23|0|0|7|12|0|0|0|11|37|5|10|0,99.5,90.4,90.0,89.6,85.3,75.7,72.7,72.2,61.0,58.3,57.8,49.2,43.8,43.8,39.8,34.6,34.6,32.8,29.1,27.5,27.5,23.0,21.4,21.4,18.0,16.0,16.0,225.51,A,MORE 7.0 | 58.3% | Edge +2.3,MORE,7.0,58.3,2.26,16.6,Playable,7,Last 7 Confirmed,,7,6,7-6-7-6-5-5,33.3,93.7,4.19,Regular,13,1.04,Kyle Freeland,L,7.36,1.57,0.2985,0.0448,0.0448,5.46,1.52,0.255,0.0358,Coors Field,1.15,1.055,98.0,9.4,31.0,1.0,hot,417,383,0.245,0.297,0.402,0.699,120,0.603,94,21,3,11,50,48,25,5,9,2026-07-19 @ Athletics: 0 FS|2026-07-18 @ Athletics: 5 FS|2026-07-17 @ Athletics: 23 FS|2026-07-12 vs New York Yankees: 0 FS|2026-07-11 vs New York Yankees: 0 FS,2026-07-19 @ Athletics: 0 FS|2026-07-18 @ Athletics: 5 FS|2026-07-17 @ Athletics: 23 FS|2026-07-12 vs New York Yankees: 0 FS|2026-07-11 vs New York Yankees: 0 FS|2026-07-10 vs New York Yankees: 7 FS|2026-07-08 vs Houston Astros: 12 FS|2026-07-07 vs Houston Astros: 0 FS|2026-07-06 vs Houston Astros: 0 FS|2026-07-05 vs Pittsburgh Pirates: 0 FS,2026-07-19 @ Athletics: 0 FS|2026-07-18 @ Athletics: 5 FS|2026-07-17 @ Athletics: 23 FS|2026-07-12 vs New York Yankees: 0 FS|2026-07-11 vs New York Yankees: 0 FS|2026-07-10 vs New York Yankees: 7 FS|2026-07-08 vs Houston Astros: 12 FS|2026-07-07 vs Houston Astros: 0 FS|2026-07-06 vs Houston Astros: 0 FS|2026-07-05 vs Pittsburgh Pirates: 0 FS|2026-07-04 vs Pittsburgh Pirates: 11 FS|2026-07-03 vs Pittsburgh Pirates: 37 FS|2026-07-01 @ Boston Red Sox: 5 FS|2026-06-30 @ Boston Red Sox: 10 FS|2026-06-29 @ Boston Red Sox: 0 FS,15,30,5.67,2.5,Last 30 games + shrinkage,6.71,7.86,0.232,Neutral,5.67,1.897,0.2241,0.1034,0.0517,0.0172,0.0345,8.93,8.25,9.32,8.76,7.67,28.0,16.0,20.0,16.0,20.0,302,81.78,17.88,1.66,30.79,0.327,0.8376,1.0,1.0,1.0,0.9759,462,Statcast,0.9232,20,Statcast,302,81.78,12.0,18.94,30.25,16.6,59.3,24.2,1.0018,1.0459,1.1058,1.1905,1.1217,1.0068,6.23,0.57,Unknown/neutral,Neutral fallback,1.0,1.0,1.0,1.0,1.0,1.0,Neutral fallback,1.072,3,27.0,1.3,27.0,0.9559,0.1754,0.0673,0.0075,0.0445,0.0532,0.0106,0.1853,0.3476,0.4042,0.2482,0.108,0.122,0.0202,1.0,Projected,,5.89,4.75,12.67,17.71,4.29,0.0,Raw (calibration off),Medium,100.0,84.0,84.0,84.0,79.3,70.7,68.2,68.2,57.5,55.3,55.3,48.2,43.8,43.8,39.8,34.6,34.6,32.8,29.1,27.5,27.5,23.0,21.4,21.4,18.0,16.0,16.0,0.0,6.4,6.0,5.6,6.0,5.0,4.5,4.0,3.5,3.0,2.5,1.0,0.0,0.0,0.0,0.0,0.0,0.0,0.0,0.0,0.0,0.0,0.0,0.0,0.0,0.0,0.0
22,22,2026-07-20,Kyle Karros,COL,WSH,WSH @ COL,HOME,3B,8.98,8.62,8.62,7.18,7.33,6.86,7.7,6.86,0.891,6.4,8.6,9.8,3|2|0|14|13,3|2|0|14|13|2|19|4|11|18,3|2|0|14|13|2|19|4|11|18|3|27|4|16|11,91.2,84.8,84.3,76.5,75.5,69.9,59.9,59.4,55.8,55.3,46.9,45.4,40.3,35.8,35.8,31.5,31.5,29.0,29.0,25.7,25.7,24.1,20.0,20.0,18.6,18.6,15.5,225.0,A,MORE 6.0 | 59.4% | Edge +2.6,MORE,6.0,59.4,2.62,18.8,Playable,5,Last 7 Confirmed,,5,6,6-5-5-5-2-2,50.0,95.0,4.52,Regular,14,1.04,Andrew Alvarez,L,4.04,1.45,0.2311,0.0094,0.1038,4.82,1.4,0.2307,0.0361,Coors Field,1.15,1.055,98.0,9.4,31.0,1.0,hot,331,286,0.259,0.353,0.43,0.783,115,0.765,74,18,2,9,48,34,40,3,3,2026-07-19 vs Cincinnati Reds: 3 FS|2026-07-17 vs Cincinnati Reds: 2 FS|2026-07-12 @ San Francisco Giants: 0 FS|2026-07-11 @ San Francisco Giants: 14 FS|2026-07-10 @ San Francisco Giants: 13 FS,2026-07-19 vs Cincinnati Reds: 3 FS|2026-07-17 vs Cincinnati Reds: 2 FS|2026-07-12 @ San Francisco Giants: 0 FS|2026-07-11 @ San Francisco Giants: 14 FS|2026-07-10 @ San Francisco Giants: 13 FS|2026-07-09 @ San Francisco Giants: 2 FS|2026-07-08 @ Los Angeles Dodgers: 19 FS|2026-07-07 @ Los Angeles Dodgers: 4 FS|2026-07-06 @ Los Angeles Dodgers: 11 FS|2026-07-05 vs San Francisco Giants: 18 FS,2026-07-19 vs Cincinnati Reds: 3 FS|2026-07-17 vs Cincinnati Reds: 2 FS|2026-07-12 @ San Francisco Giants: 0 FS|2026-07-11 @ San Francisco Giants: 14 FS|2026-07-10 @ San Francisco Giants: 13 FS|2026-07-09 @ San Francisco Giants: 2 FS|2026-07-08 @ Los Angeles Dodgers: 19 FS|2026-07-07 @ Los Angeles Dodgers: 4 FS|2026-07-06 @ Los Angeles Dodgers: 11 FS|2026-07-05 vs San Francisco Giants: 18 FS|2026-07-04 vs San Francisco Giants: 3 FS|2026-07-03 vs San Francisco Giants: 27 FS|2026-07-02 vs Miami Marlins: 4 FS|2026-07-01 vs Miami Marlins: 16 FS|2026-06-30 vs Miami Marlins: 11 FS,15,30,8.93,6.5,Last 30 games + shrinkage,7.57,9.71,0.264,Neutral,8.93,2.267,0.2333,0.1167,0.0667,0.1,0.0167,8.82,10.37,9.41,8.64,7.92,28.0,16.0,20.0,16.0,20.0,222,83.94,28.83,2.25,30.18,0.384,0.9437,1.0,1.0,1.0,1.0197,533,Statcast,0.9168,19,Statcast,222,83.94,12.0,17.84,31.81,22.1,60.8,17.1,1.0018,1.0515,1.1277,1.2033,1.1628,0.9903,8.12,-0.81,Unknown/neutral,Neutral fallback,1.0,1.0,1.0,1.0,1.0,1.0,Neutral fallback,1.072,3,27.0,0.9243,27.0,0.9392,0.1386,0.0649,0.0073,0.0368,0.1073,0.0129,0.2177,0.4636,0.3364,0.2,0.1311,0.1312,0.0105,1.0,Projected,,6.86,3.61,12.52,17.87,4.39,0.0,Raw (calibration off),Low,85.3,76.8,76.8,69.5,69.5,64.9,55.4,55.4,52.3,52.3,44.4,44.4,40.3,35.8,35.8,31.5,31.5,29.0,29.0,25.7,25.7,24.1,20.0,20.0,18.6,18.6,15.5,5.9,8.0,7.5,7.0,6.0,5.0,4.5,4.0,3.5,3.0,2.5,1.0,0.0,0.0,0.0,0.0,0.0,0.0,0.0,0.0,0.0,0.0,0.0,0.0,0.0,0.0,0.0
23,23,2026-07-20,Wyatt Langford,TEX,CWS,CWS @ TEX,HOME,LF,9.65,8.1,8.1,6.22,7.21,6.78,7.58,6.78,0.894,9.2,12.7,13.0,26|10|0|5|5,26|10|0|5|5|18|5|18|18|22,26|10|0|5|5|18|5|18|18|22|7|2|21|14|24,89.7,83.1,82.6,72.3,67.4,66.4,55.7,55.2,51.3,50.8,43.7,42.2,36.4,32.9,32.9,29.1,29.1,27.2,27.2,24.7,23.3,23.3,19.0,19.0,18.1,18.1,14.8,224.61,A,MORE 5.0 | 66.4% | Edge +3.1,MORE,5.0,66.4,3.1,32.8,Good,2,Last 7 Confirmed,,2,7,2-2-2-2-2-2-2,100.0,97.0,4.94,Regular,14,1.04,Erick Fedde,R,4.15,1.42,0.2333,0.0385,0.0897,4.04,1.31,0.2058,0.028,Globe Life Field,1.02,1.0,,,,,Indoor/retractable neutral,204,191,0.283,0.328,0.508,0.836,147,0.851,54,9,2,10,29,25,12,1,6,2026-07-19 @ Atlanta Braves: 26 FS|2026-07-18 @ Atlanta Braves: 10 FS|2026-07-17 @ Atlanta Braves: 0 FS|2026-07-12 vs Houston Astros: 5 FS|2026-07-11 vs Houston Astros: 5 FS,2026-07-19 @ Atlanta Braves: 26 FS|2026-07-18 @ Atlanta Braves: 10 FS|2026-07-17 @ Atlanta Braves: 0 FS|2026-07-12 vs Houston Astros: 5 FS|2026-07-11 vs Houston Astros: 5 FS|2026-07-10 vs Houston Astros: 18 FS|2026-07-09 vs Los Angeles Angels: 5 FS|2026-06-26 @ Toronto Blue Jays: 18 FS|2026-06-25 @ Toronto Blue Jays: 18 FS|2026-06-24 @ Miami Marlins: 22 FS,2026-07-19 @ Atlanta Braves: 26 FS|2026-07-18 @ Atlanta Braves: 10 FS|2026-07-17 @ Atlanta Braves: 0 FS|2026-07-12 vs Houston Astros: 5 FS|2026-07-11 vs Houston Astros: 5 FS|2026-07-10 vs Houston Astros: 18 FS|2026-07-09 vs Los Angeles Angels: 5 FS|2026-06-26 @ Toronto Blue Jays: 18 FS|2026-06-25 @ Toronto Blue Jays: 18 FS|2026-06-24 @ Miami Marlins: 22 FS|2026-06-23 @ Miami Marlins: 7 FS|2026-06-22 @ Miami Marlins: 2 FS|2026-06-21 vs San Diego Padres: 21 FS|2026-06-20 vs San Diego Padres: 14 FS|2026-06-19 vs San Diego Padres: 24 FS,15,30,10.67,8.5,Last 30 games + shrinkage,9.86,12.21,0.339,Hot,10.67,2.672,0.3125,0.125,0.0781,0.0625,0.0312,9.47,10.72,10.48,9.3,8.47,28.0,16.0,20.0,16.0,20.0,163,82.34,21.47,1.84,24.54,0.379,0.8954,1.0,1.0,1.0,0.9557,329,Statcast,1.0246,38,Statcast,163,82.34,12.0,25.56,33.44,17.8,68.7,13.5,1.0,0.999,0.9965,0.9981,0.9937,1.0143,11.86,1.19,Unknown/neutral,Neutral fallback,1.0,1.0,1.0,1.0,1.0,1.0,Neutral fallback,1.072,3,27.0,1.3,27.0,1.0,0.1497,0.0419,0.004,0.0426,0.0826,0.0109,0.2014,0.3611,0.389,0.2499,0.1411,0.1321,0.0205,1.0,Projected,,6.78,3.54,11.59,17.84,4.45,0.0,Raw (calibration off),Low,82.8,75.1,75.1,65.3,61.4,61.4,51.2,51.2,47.8,47.8,41.2,41.2,36.4,32.9,32.9,29.1,29.1,27.2,27.2,24.7,23.3,23.3,19.0,19.0,18.1,18.1,14.8,6.9,8.0,7.5,7.0,6.0,5.0,4.5,4.0,3.5,3.0,2.5,1.0,0.0,0.0,0.0,0.0,0.0,0.0,0.0,0.0,0.0,0.0,0.0,0.0,0.0,0.0,0.0
24,24,2026-07-20,Michael Harris II,ATL,SD,SD @ ATL,HOME,CF,9.97,8.21,8.21,6.44,6.2,6.13,7.65,6.13,0.801,10.0,9.2,10.6,8|19|18|2|3,8|19|18|2|3|0|10|7|10|15,8|19|18|2|3|0|10|7|10|15|14|26|19|3|5,89.3,89.3,83.4,82.9,71.8,67.9,67.4,56.5,52.4,51.9,44.1,42.6,37.3,34.0,34.0,29.6,27.4,27.4,24.6,24.6,23.1,18.9,18.9,17.7,14.6,14.6,13.0,224.49,A,MORE 5.5 | 67.4% | Edge +2.7,MORE,5.5,67.4,2.71,34.8,Good,4,Last 7 Confirmed,,4,7,4-4-4-4-1-1-1,57.1,97.0,4.82,Regular,14,1.04,JP Sears,L,5.03,1.42,0.2326,0.0465,0.093,4.24,1.34,0.22,0.0295,Truist Park,1.01,1.055,93.9,7.4,205.0,5.0,hot,369,349,0.301,0.331,0.499,0.83,140,0.783,105,18,0,17,48,58,15,2,6,2026-07-19 vs Texas Rangers: 8 FS|2026-07-18 vs Texas Rangers: 19 FS|2026-07-17 vs Texas Rangers: 18 FS|2026-07-12 @ St. Louis Cardinals: 2 FS|2026-07-11 @ St. Louis Cardinals: 3 FS,2026-07-19 vs Texas Rangers: 8 FS|2026-07-18 vs Texas Rangers: 19 FS|2026-07-17 vs Texas Rangers: 18 FS|2026-07-12 @ St. Louis Cardinals: 2 FS|2026-07-11 @ St. Louis Cardinals: 3 FS|2026-07-10 @ St. Louis Cardinals: 0 FS|2026-07-09 @ Pittsburgh Pirates: 10 FS|2026-07-08 @ Pittsburgh Pirates: 7 FS|2026-07-07 @ Pittsburgh Pirates: 10 FS|2026-07-06 vs New York Mets: 15 FS,2026-07-19 vs Texas Rangers: 8 FS|2026-07-18 vs Texas Rangers: 19 FS|2026-07-17 vs Texas Rangers: 18 FS|2026-07-12 @ St. Louis Cardinals: 2 FS|2026-07-11 @ St. Louis Cardinals: 3 FS|2026-07-10 @ St. Louis Cardinals: 0 FS|2026-07-09 @ Pittsburgh Pirates: 10 FS|2026-07-08 @ Pittsburgh Pirates: 7 FS|2026-07-07 @ Pittsburgh Pirates: 10 FS|2026-07-06 vs New York Mets: 15 FS|2026-07-05 vs New York Mets: 14 FS|2026-07-04 vs New York Mets: 26 FS|2026-07-03 vs New York Mets: 19 FS|2026-07-02 vs St. Louis Cardinals: 3 FS|2026-07-01 vs St. Louis Cardinals: 5 FS,15,30,8.47,7.0,Last 30 games + shrinkage,8.57,11.0,0.333,Hot,8.47,2.265,0.3235,0.1176,0.0441,0.0,0.0147,10.52,9.94,10.64,9.38,9.02,28.0,16.0,20.0,16.0,20.0,275,82.47,27.64,1.09,27.27,0.4,0.9253,1.0,1.0,1.0,1.0195,580,Statcast,1.0,2,Fallback,275,82.47,12.0,16.83,32.72,12.4,65.8,21.8,1.0466,0.997,1.0351,0.994,1.0257,1.0142,9.65,1.18,Unknown/neutral,Neutral fallback,1.0,1.0,1.0,1.0,1.0,1.0,Neutral fallback,1.072,3,27.0,1.1148,27.0,1.0,0.1619,0.0561,0.0029,0.0459,0.0644,0.012,0.2018,0.4317,0.2661,0.3021,0.13,0.166,0.0154,1.0,Projected,,6.13,4.03,11.25,16.86,4.32,0.0,Raw (calibration off),Low,82.2,82.2,75.9,75.9,65.8,62.9,62.9,52.5,48.9,48.9,41.6,41.6,37.3,34.0,34.0,29.6,27.4,27.4,24.6,24.6,23.1,18.9,18.9,17.7,14.6,14.6,13.0,7.1,7.1,7.5,7.0,6.0,5.0,4.5,4.0,3.5,3.0,2.5,1.0,0.0,0.0,0.0,0.0,0.0,0.0,0.0,0.0,0.0,0.0,0.0,0.0,0.0,0.0,0.0
25,25,2026-07-20,Tyler Soderstrom,ATH,ARI,ATH @ ARI,AWAY,LF,10.31,8.81,8.81,6.35,7.61,7.05,8.06,7.05,0.875,12.4,8.3,8.07,5|25|16|2|14,5|25|16|2|14|0|9|0|2|10,5|25|16|2|14|0|9|0|2|10|0|6|9|2|21,91.5,84.6,84.1,75.9,74.9,68.1,58.5,58.0,53.4,52.9,45.6,44.1,39.5,35.3,35.3,31.9,31.9,30.0,30.0,27.9,26.8,26.8,22.5,22.5,21.8,21.8,18.0,224.28,A,MORE 6.0 | 58.0% | Edge +2.8,MORE,6.0,58.0,2.81,16.0,Playable,2,Last 7 Confirmed,,2,5,2-2-3-2-3,60.0,92.3,5.02,Regular,12,1.04,Mitch Bratt,L,6.0,1.67,0.1786,0.0357,0.1786,4.21,1.28,0.2249,0.0319,Chase Field,1.0,1.0,,,,,Indoor/retractable neutral,360,311,0.244,0.344,0.479,0.823,102,0.705,76,21,2,16,47,47,45,3,1,2026-07-19 vs Washington Nationals: 5 FS|2026-07-18 vs Washington Nationals: 25 FS|2026-07-17 vs Washington Nationals: 16 FS|2026-07-11 @ Chicago White Sox: 2 FS|2026-07-10 @ Chicago White Sox: 14 FS,2026-07-19 vs Washington Nationals: 5 FS|2026-07-18 vs Washington Nationals: 25 FS|2026-07-17 vs Washington Nationals: 16 FS|2026-07-11 @ Chicago White Sox: 2 FS|2026-07-10 @ Chicago White Sox: 14 FS|2026-07-09 @ Detroit Tigers: 0 FS|2026-07-08 @ Detroit Tigers: 9 FS|2026-06-27 @ Los Angeles Angels: 0 FS|2026-06-26 @ Los Angeles Angels: 2 FS|2026-06-25 @ San Francisco Giants: 10 FS,2026-07-19 vs Washington Nationals: 5 FS|2026-07-18 vs Washington Nationals: 25 FS|2026-07-17 vs Washington Nationals: 16 FS|2026-07-11 @ Chicago White Sox: 2 FS|2026-07-10 @ Chicago White Sox: 14 FS|2026-07-09 @ Detroit Tigers: 0 FS|2026-07-08 @ Detroit Tigers: 9 FS|2026-06-27 @ Los Angeles Angels: 0 FS|2026-06-26 @ Los Angeles Angels: 2 FS|2026-06-25 @ San Francisco Giants: 10 FS|2026-06-24 @ San Francisco Giants: 0 FS|2026-06-23 @ San Francisco Giants: 6 FS|2026-06-21 vs Los Angeles Angels: 9 FS|2026-06-20 vs Los Angeles Angels: 2 FS|2026-06-19 vs Los Angeles Angels: 21 FS,15,30,9.3,7.5,Last 30 games + shrinkage,10.14,7.14,0.25,Neutral,9.3,1.961,0.2157,0.0784,0.0588,0.098,0.0,10.21,11.66,10.05,10.83,9.18,28.0,16.0,20.0,16.0,20.0,206,85.14,28.64,2.43,33.5,0.39,0.9631,1.0,1.0,1.0,1.046,421,Statcast,1.1159,23,Statcast,206,85.14,12.0,14.69,32.07,12.1,64.1,23.8,1.0,1.0033,1.0121,1.0066,1.022,0.9977,9.11,-0.19,Unknown/neutral,Neutral fallback,1.0,1.0,1.0,1.0,1.0,1.0,Neutral fallback,1.072,3,27.0,0.8625,27.0,0.9992,0.123,0.042,0.0036,0.0562,0.117,0.0152,0.1629,0.5533,0.2234,0.2234,0.1501,0.1399,0.0078,1.0,Projected,,7.05,3.73,13.35,18.6,4.67,0.0,Raw (calibration off),Low,85.9,76.6,76.6,68.9,68.9,63.1,54.0,54.0,49.9,49.9,43.1,43.1,39.5,35.3,35.3,31.9,31.9,30.0,30.0,27.9,26.8,26.8,22.5,22.5,21.8,21.8,18.0,5.6,8.0,7.5,7.0,6.0,5.0,4.5,4.0,3.5,3.0,2.5,1.0,0.0,0.0,0.0,0.0,0.0,0.0,0.0,0.0,0.0,0.0,0.0,0.0,0.0,0.0,0.0
26,26,2026-07-20,Bryce Eldridge,SF,KC,SF @ KC,AWAY,DH,9.01,9.33,9.33,7.5,6.91,6.58,8.36,6.58,0.787,11.8,9.0,8.2,21|8|16|7|7,21|8|16|7|7|2|21|0|3|5,21|8|16|7|7|2|21|0|3|5|2|21|7|3|0,91.7,91.7,91.4,85.6,75.8,74.8,70.9,60.9,60.4,56.8,49.1,47.6,42.5,42.5,38.8,34.8,34.8,32.6,29.7,29.7,28.3,28.3,23.6,22.6,22.6,19.1,17.1,224.21,A,MORE 6.5 | 60.4% | Edge +2.8,MORE,6.5,60.4,2.83,20.8,Playable,6,Last 7 Confirmed,,6,7,2-2-2-6-6-6-6,57.1,97.0,4.32,Regular,14,1.04,Michael Wacha,R,3.77,1.19,0.2218,0.0287,0.0698,4.99,1.46,0.2339,0.0354,Kauffman Stadium,0.99,1.055,102.9,8.4,209.0,2.0,hot,231,200,0.275,0.368,0.49,0.858,175,0.858,55,13,0,10,30,23,30,0,1,2026-07-19 @ Seattle Mariners: 21 FS|2026-07-18 @ Seattle Mariners: 8 FS|2026-07-17 @ Seattle Mariners: 16 FS|2026-07-12 vs Colorado Rockies: 7 FS|2026-07-11 vs Colorado Rockies: 7 FS,2026-07-19 @ Seattle Mariners: 21 FS|2026-07-18 @ Seattle Mariners: 8 FS|2026-07-17 @ Seattle Mariners: 16 FS|2026-07-12 vs Colorado Rockies: 7 FS|2026-07-11 vs Colorado Rockies: 7 FS|2026-07-10 vs Colorado Rockies: 2 FS|2026-07-09 vs Colorado Rockies: 21 FS|2026-07-08 vs Toronto Blue Jays: 0 FS|2026-07-07 vs Toronto Blue Jays: 3 FS|2026-07-06 vs Toronto Blue Jays: 5 FS,2026-07-19 @ Seattle Mariners: 21 FS|2026-07-18 @ Seattle Mariners: 8 FS|2026-07-17 @ Seattle Mariners: 16 FS|2026-07-12 vs Colorado Rockies: 7 FS|2026-07-11 vs Colorado Rockies: 7 FS|2026-07-10 vs Colorado Rockies: 2 FS|2026-07-09 vs Colorado Rockies: 21 FS|2026-07-08 vs Toronto Blue Jays: 0 FS|2026-07-07 vs Toronto Blue Jays: 3 FS|2026-07-06 vs Toronto Blue Jays: 5 FS|2026-07-05 @ Colorado Rockies: 2 FS|2026-07-04 @ Colorado Rockies: 21 FS|2026-07-03 @ Colorado Rockies: 7 FS|2026-07-01 @ Arizona Diamondbacks: 3 FS|2026-06-30 @ Arizona Diamondbacks: 0 FS,15,30,8.0,6.0,Last 30 games + shrinkage,11.71,8.79,0.269,Neutral,8.0,2.05,0.2333,0.1,0.0667,0.1333,0.0167,9.0,9.09,9.18,9.57,8.35,28.0,16.0,20.0,16.0,20.0,240,85.5,31.25,2.5,28.33,0.466,1.0331,1.0,1.0,1.0,1.0727,605,Statcast,1.14,19,Statcast,240,85.5,12.0,18.35,32.79,13.3,61.3,25.4,1.0623,1.0058,1.085,1.0117,1.1035,1.0152,9.26,1.26,Unknown/neutral,Neutral fallback,1.0,1.0,1.0,1.0,1.0,1.0,Neutral fallback,1.072,3,27.0,0.8625,27.0,1.0,0.1551,0.0605,0.003,0.0577,0.1044,0.0072,0.2278,0.4033,0.3362,0.2605,0.1091,0.1144,0.0098,1.0,Projected,,6.58,4.35,13.01,18.52,4.29,0.0,Raw (calibration off),Medium,86.2,86.2,86.2,78.6,69.8,69.8,66.4,56.9,56.9,53.8,46.6,46.6,42.5,42.5,38.8,34.8,34.8,32.6,29.7,29.7,28.3,28.3,23.6,22.6,22.6,19.1,17.1,5.5,5.5,5.2,7.0,6.0,5.0,4.5,4.0,3.5,3.0,2.5,1.0,0.0,0.0,0.0,0.0,0.0,0.0,0.0,0.0,0.0,0.0,0.0,0.0,0.0,0.0,0.0
27,27,2026-07-20,Shea Langeliers,ATH,ARI,ATH @ ARI,AWAY,C,10.02,8.95,8.95,7.55,5.79,5.87,8.28,5.96,0.72,10.2,6.5,6.47,8|15|14|14|0,8|15|14|14|0|0|7|0|7|0,8|15|14|14|0|0|7|0|7|0|17|5|0|5|5,99.5,91.2,90.9,83.3,82.3,72.4,67.7,67.2,57.4,53.6,53.1,44.7,39.8,36.3,36.3,32.8,30.8,30.8,28.5,27.3,27.3,23.1,22.5,22.5,18.7,16.9,14.4,222.73,A,MORE 6.0 | 67.2% | Edge +2.9,MORE,6.0,67.2,2.95,34.4,Good,3,Last 7 Confirmed,,3,7,3-3-4-3-3-2-3,71.4,97.0,4.92,Regular,13,1.04,Mitch Bratt,L,6.0,1.67,0.1786,0.0357,0.1786,4.21,1.28,0.2249,0.0319,Chase Field,1.0,1.0,,,,,Indoor/retractable neutral,399,361,0.26,0.328,0.493,0.821,121,1.042,94,18,0,22,53,50,32,5,2,2026-07-19 vs Washington Nationals: 8 FS|2026-07-18 vs Washington Nationals: 15 FS|2026-07-17 vs Washington Nationals: 14 FS|2026-07-12 @ Chicago White Sox: 14 FS|2026-07-11 @ Chicago White Sox: 0 FS,2026-07-19 vs Washington Nationals: 8 FS|2026-07-18 vs Washington Nationals: 15 FS|2026-07-17 vs Washington Nationals: 14 FS|2026-07-12 @ Chicago White Sox: 14 FS|2026-07-11 @ Chicago White Sox: 0 FS|2026-07-10 @ Chicago White Sox: 0 FS|2026-07-09 @ Detroit Tigers: 7 FS|2026-07-08 @ Detroit Tigers: 0 FS|2026-07-07 @ Detroit Tigers: 7 FS|2026-07-03 vs Miami Marlins: 0 FS,2026-07-19 vs Washington Nationals: 8 FS|2026-07-18 vs Washington Nationals: 15 FS|2026-07-17 vs Washington Nationals: 14 FS|2026-07-12 @ Chicago White Sox: 14 FS|2026-07-11 @ Chicago White Sox: 0 FS|2026-07-10 @ Chicago White Sox: 0 FS|2026-07-09 @ Detroit Tigers: 7 FS|2026-07-08 @ Detroit Tigers: 0 FS|2026-07-07 @ Detroit Tigers: 7 FS|2026-07-03 vs Miami Marlins: 0 FS|2026-07-01 vs Los Angeles Dodgers: 17 FS|2026-06-30 vs Los Angeles Dodgers: 5 FS|2026-06-29 vs Los Angeles Dodgers: 0 FS|2026-06-28 @ Los Angeles Angels: 5 FS|2026-06-27 @ Los Angeles Angels: 5 FS,15,30,7.23,5.0,Last 30 games + shrinkage,8.29,6.57,0.22,Neutral,7.23,1.643,0.1964,0.0893,0.0536,0.0893,0.0,10.4,9.48,9.49,9.99,10.5,28.0,16.0,20.0,16.0,20.0,239,85.21,28.03,3.77,31.38,0.373,0.9604,1.0,1.0,1.0,1.013,464,Statcast,1.14,18,Statcast,239,85.21,12.0,24.85,31.76,23.4,60.7,15.9,1.0,1.0071,1.0261,1.0142,1.0474,1.0041,7.57,0.34,Unknown/neutral,Neutral fallback,1.0,1.0,1.0,1.0,1.0,1.0,Neutral fallback,1.072,3,27.0,0.8946,27.0,1.0,0.1323,0.046,0.0026,0.0566,0.1014,0.014,0.1908,0.3782,0.3782,0.2436,0.1242,0.1509,0.0086,1.0,Projected,,5.96,4.67,12.59,17.63,4.57,0.0,Raw (calibration off),Low,100.0,85.4,85.4,76.3,76.3,67.4,63.2,63.2,53.9,50.6,50.6,43.7,39.8,36.3,36.3,32.8,30.8,30.8,28.5,27.3,27.3,23.1,22.5,22.5,18.7,16.9,14.4,0.0,5.8,5.5,7.0,6.0,5.0,4.5,4.0,3.5,3.0,2.5,1.0,0.0,0.0,0.0,0.0,0.0,0.0,0.0,0.0,0.0,0.0,0.0,0.0,0.0,0.0,0.0
28,28,2026-07-20,Joc Pederson,TEX,CWS,CWS @ TEX,HOME,DH,9.9,9.15,9.15,7.34,7.43,6.93,8.22,6.93,0.843,11.6,7.3,8.4,10|21|9|2|16,10|21|9|2|16|0|7|0|5|3,10|21|9|2|16|0|7|0|5|3|0|16|14|0|23,91.2,91.2,84.9,76.4,75.4,69.5,69.0,59.8,55.9,55.4,48.4,46.9,42.1,42.1,38.3,34.2,34.2,32.2,32.2,29.8,28.7,28.7,23.6,23.6,22.6,19.1,19.1,222.71,A,MORE 6.0 | 59.8% | Edge +3.2,MORE,6.0,59.8,3.15,19.6,Playable,1,Last 7 Confirmed,,1,5,1-1-1-1-1,100.0,95.5,5.04,Regular,12,1.04,Erick Fedde,R,4.15,1.42,0.2333,0.0385,0.0897,4.04,1.31,0.2058,0.028,Globe Life Field,1.02,1.0,,,,,Indoor/retractable neutral,302,259,0.243,0.339,0.479,0.818,275,0.82,63,9,2,16,39,35,36,3,1,2026-07-19 @ Atlanta Braves: 10 FS|2026-07-18 @ Atlanta Braves: 21 FS|2026-07-12 vs Houston Astros: 9 FS|2026-07-11 vs Houston Astros: 2 FS|2026-07-10 vs Houston Astros: 16 FS,2026-07-19 @ Atlanta Braves: 10 FS|2026-07-18 @ Atlanta Braves: 21 FS|2026-07-12 vs Houston Astros: 9 FS|2026-07-11 vs Houston Astros: 2 FS|2026-07-10 vs Houston Astros: 16 FS|2026-07-09 vs Los Angeles Angels: 0 FS|2026-07-08 vs Los Angeles Angels: 7 FS|2026-07-07 vs Los Angeles Angels: 0 FS|2026-07-05 vs Detroit Tigers: 5 FS|2026-07-04 vs Detroit Tigers: 3 FS,2026-07-19 @ Atlanta Braves: 10 FS|2026-07-18 @ Atlanta Braves: 21 FS|2026-07-12 vs Houston Astros: 9 FS|2026-07-11 vs Houston Astros: 2 FS|2026-07-10 vs Houston Astros: 16 FS|2026-07-09 vs Los Angeles Angels: 0 FS|2026-07-08 vs Los Angeles Angels: 7 FS|2026-07-07 vs Los Angeles Angels: 0 FS|2026-07-05 vs Detroit Tigers: 5 FS|2026-07-04 vs Detroit Tigers: 3 FS|2026-07-01 @ Cleveland Guardians: 0 FS|2026-06-30 @ Cleveland Guardians: 16 FS|2026-06-28 @ Toronto Blue Jays: 14 FS|2026-06-27 @ Toronto Blue Jays: 0 FS|2026-06-25 @ Toronto Blue Jays: 23 FS,15,30,7.2,4.5,Last 30 games + shrinkage,9.29,7.36,0.222,Neutral,7.2,2.102,0.2041,0.1224,0.0816,0.0816,0.0204,9.88,10.16,10.1,10.5,9.02,28.0,16.0,20.0,16.0,20.0,205,85.62,30.73,1.46,28.78,0.432,0.9988,1.0,1.0,1.0,1.0472,462,Statcast,0.9846,70,Statcast,205,85.62,12.0,20.65,32.29,8.8,64.9,26.3,1.0,1.0071,1.0261,1.0143,1.0475,1.0165,8.58,1.38,Unknown/neutral,Neutral fallback,1.0,1.0,1.0,1.0,1.0,1.0,Neutral fallback,1.072,3,27.0,0.8625,27.0,1.0,0.1287,0.0434,0.0041,0.0574,0.1056,0.0107,0.2073,0.495,0.2574,0.2476,0.1315,0.1042,0.0096,1.0,Projected,,6.93,3.96,13.24,19.14,4.55,0.0,Raw (calibration off),Low,85.3,85.3,77.4,69.4,69.4,64.5,64.5,55.8,52.4,52.4,45.9,45.9,42.1,42.1,38.3,34.2,34.2,32.2,32.2,29.8,28.7,28.7,23.6,23.6,22.6,19.1,19.1,5.9,5.9,7.5,7.0,6.0,5.0,4.5,4.0,3.5,3.0,2.5,1.0,0.0,0.0,0.0,0.0,0.0,0.0,0.0,0.0,0.0,0.0,0.0,0.0,0.0,0.0,0.0
29,29,2026-07-20,Kody Clemens,MIN,CLE,MIN @ CLE,AWAY,1B,9.77,8.82,8.82,6.19,9.08,8.07,8.64,8.07,0.934,6.4,6.8,9.6,0|28|0|0|4,0|28|0|0|4|2|0|17|15|2,0|28|0|0|4|2|0|17|15|2|25|21|18|10|2,81.6,81.6,70.7,70.2,65.9,64.9,55.2,54.7,51.7,51.2,45.2,43.7,39.5,36.5,36.5,33.6,33.6,32.2,32.2,30.0,30.0,29.2,29.2,23.9,23.9,23.3,23.3,221.38,A,MORE 5.0 | 64.9% | Edge +3.8,MORE,5.0,64.9,3.82,29.8,Good,4,Last 7 Confirmed,,4,7,6-6-4-4-4-3-3,42.9,97.0,4.73,Regular,13,1.04,Tanner Bibee,R,3.9,1.15,0.2101,0.0438,0.0744,3.76,1.27,0.2119,0.0306,Progressive Field,0.99,1.0,79.9,9.6,1.0,0.0,neutral,342,311,0.241,0.3,0.492,0.792,263,0.811,75,18,3,18,47,48,22,5,6,2026-07-19 @ Chicago Cubs: 0 FS|2026-07-18 @ Chicago Cubs: 28 FS|2026-07-17 @ Chicago Cubs: 0 FS|2026-07-12 vs Los Angeles Angels: 0 FS|2026-07-11 vs Los Angeles Angels: 4 FS,2026-07-19 @ Chicago Cubs: 0 FS|2026-07-18 @ Chicago Cubs: 28 FS|2026-07-17 @ Chicago Cubs: 0 FS|2026-07-12 vs Los Angeles Angels: 0 FS|2026-07-11 vs Los Angeles Angels: 4 FS|2026-07-10 vs Los Angeles Angels: 2 FS|2026-07-09 vs Cleveland Guardians: 0 FS|2026-07-08 vs Cleveland Guardians: 17 FS|2026-07-07 vs Cleveland Guardians: 15 FS|2026-07-05 @ New York Yankees: 2 FS,2026-07-19 @ Chicago Cubs: 0 FS|2026-07-18 @ Chicago Cubs: 28 FS|2026-07-17 @ Chicago Cubs: 0 FS|2026-07-12 vs Los Angeles Angels: 0 FS|2026-07-11 vs Los Angeles Angels: 4 FS|2026-07-10 vs Los Angeles Angels: 2 FS|2026-07-09 vs Cleveland Guardians: 0 FS|2026-07-08 vs Cleveland Guardians: 17 FS|2026-07-07 vs Cleveland Guardians: 15 FS|2026-07-05 @ New York Yankees: 2 FS|2026-07-04 @ New York Yankees: 25 FS|2026-07-03 @ New York Yankees: 21 FS|2026-07-01 @ Houston Astros: 18 FS|2026-06-30 @ Houston Astros: 10 FS|2026-06-29 @ Houston Astros: 2 FS,15,30,8.9,5.0,Last 30 games + shrinkage,4.86,10.14,0.259,Neutral,8.9,2.407,0.2373,0.1356,0.0847,0.0508,0.0,10.05,10.23,10.48,8.79,9.08,28.0,16.0,20.0,16.0,20.0,276,86.27,32.25,2.9,25.36,0.423,1.0161,1.0,1.0,1.0,1.0382,587,Statcast,1.1272,40,Statcast,276,86.27,12.0,20.09,34.04,13.4,59.4,27.2,0.9733,1.0087,1.0042,1.0173,1.0295,0.9944,8.44,-0.46,Unknown/neutral,Neutral fallback,1.0,1.0,1.0,1.0,1.0,1.0,Neutral fallback,1.072,3,27.0,1.1998,27.0,0.9884,0.117,0.0459,0.005,0.0656,0.0681,0.0097,0.2229,0.41,0.3525,0.2375,0.1271,0.1657,0.0125,1.0,Projected,,8.07,2.45,13.66,20.2,4.45,0.0,Raw (calibration off),Low,73.6,73.6,63.2,63.2,59.9,59.9,50.7,50.7,48.2,48.2,42.7,42.7,39.5,36.5,36.5,33.6,33.6,32.2,32.2,30.0,30.0,29.2,29.2,23.9,23.9,23.3,23.3,8.0,8.0,7.5,7.0,6.0,5.0,4.5,4.0,3.5,3.0,2.5,1.0,0.0,0.0,0.0,0.0,0.0,0.0,0.0,0.0,0.0,0.0,0.0,0.0,0.0,0.0,0.0
30,30,2026-07-20,Gabriel Moreno,ARI,ATH,ATH @ ARI,HOME,C,9.52,8.33,8.33,7.37,4.07,4.88,7.09,5.1,0.72,9.4,8.8,8.53,4|12|10|7|14,4|12|10|7|14|12|3|10|6|10,4|12|10|7|14|12|3|10|6|10|4|5|10|5|16,92.2,92.2,91.9,86.8,77.3,76.3,71.3,60.2,59.7,54.9,46.4,44.9,38.8,34.0,34.0,29.2,26.3,22.5,22.5,20.8,17.5,17.5,16.2,13.6,13.6,12.0,10.2,220.4,A,MORE 6.5 | 59.7% | Edge +1.8,MORE,6.5,59.7,1.83,19.4,Playable,4,Last 7 Confirmed,,4,7,4-4-4-4-4-4-4,100.0,97.0,4.73,Regular,14,1.04,Jeffrey Springs,L,6.08,1.42,0.2372,0.0605,0.086,5.33,1.48,0.234,0.0399,Chase Field,1.0,1.0,,,,,Indoor/retractable neutral,288,247,0.304,0.389,0.437,0.826,68,0.738,75,15,0,6,37,33,34,3,4,2026-07-19 vs St. Louis Cardinals: 4 FS|2026-07-18 vs St. Louis Cardinals: 12 FS|2026-07-17 vs St. Louis Cardinals: 10 FS|2026-07-12 @ Los Angeles Dodgers: 7 FS|2026-07-11 @ Los Angeles Dodgers: 14 FS,2026-07-19 vs St. Louis Cardinals: 4 FS|2026-07-18 vs St. Louis Cardinals: 12 FS|2026-07-17 vs St. Louis Cardinals: 10 FS|2026-07-12 @ Los Angeles Dodgers: 7 FS|2026-07-11 @ Los Angeles Dodgers: 14 FS|2026-07-10 @ Los Angeles Dodgers: 12 FS|2026-07-09 @ San Diego Padres: 3 FS|2026-07-08 @ San Diego Padres: 10 FS|2026-07-07 @ San Diego Padres: 6 FS|2026-07-06 @ San Diego Padres: 10 FS,2026-07-19 vs St. Louis Cardinals: 4 FS|2026-07-18 vs St. Louis Cardinals: 12 FS|2026-07-17 vs St. Louis Cardinals: 10 FS|2026-07-12 @ Los Angeles Dodgers: 7 FS|2026-07-11 @ Los Angeles Dodgers: 14 FS|2026-07-10 @ Los Angeles Dodgers: 12 FS|2026-07-09 @ San Diego Padres: 3 FS|2026-07-08 @ San Diego Padres: 10 FS|2026-07-07 @ San Diego Padres: 6 FS|2026-07-06 @ San Diego Padres: 10 FS|2026-07-05 vs Milwaukee Brewers: 4 FS|2026-07-04 vs Milwaukee Brewers: 5 FS|2026-07-03 vs Milwaukee Brewers: 10 FS|2026-07-01 vs San Francisco Giants: 5 FS|2026-06-30 vs San Francisco Giants: 16 FS,15,30,7.7,6.5,Last 30 games + shrinkage,8.86,8.0,0.385,Hot,7.7,1.867,0.3333,0.05,0.0,0.1333,0.0,9.68,9.5,9.59,9.68,9.12,28.0,16.0,20.0,16.0,20.0,254,82.86,24.41,0.79,32.28,0.395,0.9138,1.0,1.0,1.0,1.0602,541,Statcast,0.9501,19,Statcast,254,82.86,12.0,17.55,31.69,17.3,60.2,22.4,1.0,0.9984,0.994,0.9967,0.9891,1.0049,8.11,0.41,Unknown/neutral,Neutral fallback,1.0,1.0,1.0,1.0,1.0,1.0,Neutral fallback,1.072,3,27.0,1.0839,27.0,0.9711,0.1793,0.0493,0.0032,0.0319,0.1124,0.0102,0.1719,0.5081,0.2016,0.2903,0.1407,0.1479,0.0121,1.0,Projected,,5.1,4.49,10.97,16.01,4.37,0.0,Raw (calibration off),Medium,87.0,87.0,87.0,79.8,71.3,71.3,66.8,56.2,56.2,51.9,43.9,43.9,38.8,34.0,34.0,29.2,26.3,22.5,22.5,20.8,17.5,17.5,16.2,13.6,13.6,12.0,10.2,5.2,5.2,4.9,7.0,6.0,5.0,4.5,4.0,3.5,3.0,2.5,1.0,0.0,0.0,0.0,0.0,0.0,0.0,0.0,0.0,0.0,0.0,0.0,0.0,0.0,0.0,0.0
